title,release,redacted,blurb,file,url,bytes,page
"NASA-UAP-D3A, Gemini 7 Audio Excerpt, 1965",01,,"This audio recording contains air to ground communications and the NASA Public Affairs audio feed with commentary, recorded during the flight of the Gemini 7 mission. In this excerpted segment of audio, Astronaut Frank Borman reports to NASA mission control in Houston his sighting of an unidentified object, which he referred to as a ""bogey."" This sighting occurred on December 5, 1965. The dialogue includes Borman's initial report, as well as additional comments by Astronaut Jim Lovell, Borman's fellow crew member.",DOD_111689232.mp4,https://d34w7g4gy10iej.cloudfront.net/video/2605/DOD_111689232/DOD_111689232.mp4,19126276,https://www.dvidshub.net/video/1006119
"DOW-UAP-PR19, Unresolved UAP Report, Middle East, May 2022",01,,"The United States Central Command submitted a report of an unidentified anomalous phenomenon to the All-domain Anomaly Resolution Office (AARO) consisting of five seconds of video footage from an infrared sensor aboard a U.S. military platform in 2022. An accompanying mission report, DoW-UAP-D10, described the observation as a “possible missile” moving across the field-of-view. The report also described four other objects not depicted in the video as “possible birds.”  Video Description: At the two second mark, the video depicts an area of contrast moving from left to right across the bottom third of the sensor field-of-view.  This video description is provided for informational purposes only. Readers should not interpret any part of this description as reflecting an analytical judgment, investigative conclusion, or factual determination regarding the described event’s validity, nature, or significance.",DOD_111688723.mp4,https://d34w7g4gy10iej.cloudfront.net/video/2605/DOD_111688723/DOD_111688723.mp4,6814452,https://www.dvidshub.net/video/1006056
"DOW-UAP-PR21, Unresolved UAP Report, Iraq, May 2022",01,,"The United States Central Command submitted a report of an unidentified anomalous phenomenon (UAP) to the All-domain Anomaly Resolution Office (AARO) consisting of ten seconds of video footage from an infrared sensor aboard a U.S. military platform in 2022. An accompanying mission report, DoW-UAP-D14, described the UAP as a “probable SU-27/35.""   Video Description: The video depicts two areas of contrast moving together near the center of the field-of-view throughout the runtime.  This video description is provided for informational purposes only. Readers should not interpret any part of this description as reflecting an analytical judgment, investigative conclusion, or factual determination regarding the described event’s validity, nature, or significance.  AARO Comment: SU-27 and SU-35 are designations for military aircraft operated by the Armed Forces of the Russian Federation.",DOD_111688762.mp4,https://d34w7g4gy10iej.cloudfront.net/video/2605/DOD_111688762/DOD_111688762.mp4,12752210,https://www.dvidshub.net/video/1006059
"DOW-UAP-PR22, Unresolved UAP Report, Syria, July 2022",01,,"The United States Central Command submitted a report of an unidentified anomalous phenomenon (UAP) to the All-domain Anomaly Resolution Office (AARO) consisting of 14 seconds of video footage from an infrared (left) and electro-optical (right) sensor aboard a U.S. military platform in 2022. An accompanying mission report, DoW-UAP-D16, described the UAP as “moving from north to south.”  Video Description: At the five second mark, the video depicts an object moving from right to left across the top right quarter of the sensor field-of-view.  This video description is provided for informational purposes only. Readers should not interpret any part of this description as reflecting an analytical judgment, investigative conclusion, or factual determination regarding the described event’s validity, nature, or significance.",DOD_111688775.mp4,https://d34w7g4gy10iej.cloudfront.net/video/2605/DOD_111688775/DOD_111688775.mp4,3982264,https://www.dvidshub.net/video/1006060
"DOW-UAP-PR23, Unresolved UAP Report, Iraq, December 2022",01,,"The United States Central Command submitted a report of an unidentified anomalous phenomenon to the All-domain Anomaly Resolution Office (AARO) consisting of ten seconds of video footage from an infrared sensor aboard a U.S. military platform in 2022. An accompanying mission report, DoW-UAP-D18, described the UAP as ""flying west to east.""  Video Description: The video depicts an area of contrast moving from the bottom left to the top right of the sensor field-of-view. At approximately six seconds, the area of contrast leaves the sensor field-of-view near the top right corner of the frame.  This video description is provided for informational purposes only. Readers should not interpret any part of this description as reflecting an analytical judgment, investigative conclusion, or factual determination regarding the described event’s validity, nature, or significance.",DOD_111688809.mp4,https://d34w7g4gy10iej.cloudfront.net/video/2605/DOD_111688809/DOD_111688809.mp4,5300653,https://www.dvidshub.net/video/1006062
"DOW-UAP-PR26, Unresolved UAP Report, United Arab Emirates, October 2023",01,,"The United States Central Command submitted a report of an unidentified anomalous phenomenon to the All-domain Anomaly Resolution Office (AARO) consisting of 43 seconds of video footage from an infrared sensor aboard a U.S. military platform in 2023. An accompanying mission report, DoW-UAP-D23, mentions a UAP was observed during the mission.  Video Description: 00:00-00:17: An area of contrast remains generally within the top left quarter of the display. 00:17-00:18: The sensor pans from right to left, causing the area of contrast to pass through the center of the display. The sensor then pans from left to right, causing the area of contrast to return to its approximate initial position within the sensor field-of-view. 00:29: The sensor stops tracking the area of contrast, causing it to leave the sensor field-of-view on the left side of the screen. 00:30-00:43: The sensor resumes its motion relative to the background but does not reacquire the area of contrast.  This video description is provided for informational purposes only. Readers should not interpret any part of this description as reflecting an analytical judgment, investigative conclusion, or factual determination regarding the described event’s validity, nature, or significance.",DOD_111688816.mp4,https://d34w7g4gy10iej.cloudfront.net/video/2605/DOD_111688816/DOD_111688816.mp4,27493716,https://www.dvidshub.net/video/1006063
"DOW-UAP-PR27, Unresolved UAP Report, United Arab Emirates, October 2023",01,,"The United States Central Command submitted a report of an unidentified anomalous phenomenon to the All-domain Anomaly Resolution Office (AARO) consisting of four minutes and 57 seconds of video footage from an infrared (IR) sensor aboard a U.S. military platform in 2023. An accompanying mission report, DoW-UAP-D23, mentions a UAP was observed during the mission.  Video Description: 00:00-01:55: No content. 01:56: An area of contrast becomes distinguishable against the background in the center of the right side of the display. 02:04: The IR sensor pans to center on the area of contrast. 02:14: The sensor field-of-view narrows to zoom in on the area of contrast. 02:15-03:26: The area of contrast remains generally in the center of the sensor field-of-view.  03:27-04:57: The sensor motion causes the area of contrast to move erratically across the display. Due to this motion, the sensor system repeatedly loses and reacquires the area of contrast within the center area of the display.  This video description is provided for informational purposes only. Readers should not interpret any part of this description as reflecting an analytical judgment, investigative conclusion, or factual determination regarding the described event’s validity, nature, or significance.",DOD_111688825.mp4,https://d34w7g4gy10iej.cloudfront.net/video/2605/DOD_111688825/DOD_111688825.mp4,155885289,https://www.dvidshub.net/video/1006067
"DOW-UAP-PR28, Unresolved UAP Report, Greece, January 2024",01,,"The United States Central Command submitted a report of an unidentified anomalous phenomenon (UAP) to the All-domain Anomaly Resolution Office (AARO) consisting of one minute and five seconds of video footage captured via multiple sensor modalities aboard a U.S. military platform in 2024. An accompanying mission report, DoW-UAP-D7, described the UAP as “diamond-shaped” and moving at approximately 434 knots. The observer also reported that the UAP was only detectable via short-wave infrared (SWIR) sensor.  Video Description: The screen is split into two viewing areas for the first ten seconds of the video, with the right side displaying electro-optical footage and the left side displaying SWIR footage. 00:04: An area of contrast becomes distinguishable against the background in the center of the right frame. 00:10: The display shifts to a full-screen view of the SWIR feed to better focus on the area of contrast. 00:55: The area of contrast remains generally within the center of the sensor field-of-view. The area of contrast visually resembles an inverted teardrop with a vertically linear trailing mass suspended below. 00:56: The operator switches the sensor modality to visible spectrum, losing the subject against the background. 00:57-01:05: The operator switches the sensor modality to SWIR (Black-Hot) but does not reacquire the area of contrast.  This video description is provided for informational purposes only. Readers should not interpret any part of this description as reflecting an analytical judgment, investigative conclusion, or factual determination regarding the described event’s validity, nature, or significance.",DOD_111688954.mp4,https://d34w7g4gy10iej.cloudfront.net/video/2605/DOD_111688954/DOD_111688954.mp4,15992674,https://www.dvidshub.net/video/1006073
"DOW-UAP-PR29, Unresolved UAP Report, United Arab Emirates, June 2024",01,,"The United States Northern Command submitted a report of an unidentified anomalous phenomenon (UAP) to the All-domain Anomaly Resolution Office (AARO) consisting of 21 seconds of video footage from an infrared sensor aboard a U.S. military platform in 2024. An accompanying mission report, DoW-UAP-D8, described the UAP as consisting of an object with a vertical pole or bar attached to the bottom of the object. The observer also reported that the UAP may instead be a reflection from an object in the water.  Video Description: 00:00-00:21: An area of contrast visually resembling an inverted teardrop with a vertically linear trailing mass suspended below remains generally within the center of the sensor field-of-view throughout the video.  This video description is provided for informational purposes only. Readers should not interpret any part of this description as reflecting an analytical judgment, investigative conclusion, or factual determination regarding the described event’s validity, nature, or significance.",DOD_111688964.mp4,https://d34w7g4gy10iej.cloudfront.net/video/2605/DOD_111688964/DOD_111688964.mp4,15445575,https://www.dvidshub.net/video/1006074
"DOW-UAP-PR31, Unresolved UAP Report, Syria, October 2024",01,,"The United States Central Command submitted a report of an unidentified anomalous phenomenon (UAP) to the All-domain Anomaly Resolution Office (AARO) consisting of five seconds of video footage from a full-motion video (FMV) camera aboard a U.S. military platform in 2024. An accompanying mission report, DoW-UAP-D32, described the UAP as consisting of a “misshapen and uneven ball of white light,” and reported that a “light/glare halo effect” occurred at the top of the FMV feed.  Video Description: 00:00-00:01: An indistinctly shaped multi-colored area moves from right to left across the top edge of the sensor display within the first second of the video.  This video description is provided for informational purposes only. Readers should not interpret any part of this description as reflecting an analytical judgment, investigative conclusion, or factual determination regarding the described event’s validity, nature, or significance.",DOD_111688970.mp4,https://d34w7g4gy10iej.cloudfront.net/video/2605/DOD_111688970/DOD_111688970.mp4,644525,https://www.dvidshub.net/video/1006076
"DOW-UAP-PR32, Unresolved UAP Report, Syria, October 2024",01,,"The United States Central Command submitted a report of an unidentified anomalous phenomenon (UAP) to the All-domain Anomaly Resolution Office (AARO) consisting of six seconds of video footage from a full-motion video (FMV) camera aboard a U.S. military platform in 2024. An accompanying mission report, DoW-UAP-D32, described the UAP as consisting of a “misshapen and uneven ball of white light,” and reported that a “light/glare halo effect” occurred at the top of the FMV feed.  Video Description: 00:02-00:04: An area of irregular color and brightness, mainly consisting of white and red highlights, appears near the center of the top edge of the sensor display. The area extends to a width of approximately one-third of the horizontal frame, with a vertical area comprising approximately one-sixth of the viewing area. Overall, its shape is best described as a horizontally-oriented half-oval bisected along its major axis.  This video description is provided for informational purposes only. Readers should not interpret any part of this description as reflecting an analytical judgment, investigative conclusion, or factual determination regarding the described event’s validity, nature, or significance.",DOD_111688997.mp4,https://d34w7g4gy10iej.cloudfront.net/video/2605/DOD_111688997/DOD_111688997.mp4,1834659,https://www.dvidshub.net/video/1006078
"DOW-UAP-PR33, Unresolved UAP Report, Syria, October 2024",01,,"The United States Central Command submitted a report of an unidentified anomalous phenomenon (UAP) to the All-domain Anomaly Resolution Office (AARO) consisting of five seconds of video footage from a full-motion video (FMV) camera aboard a U.S. military platform in 2024. An accompanying mission report, DoW-UAP-D32, described the UAP as consisting of a “misshapen and uneven ball of white light,” and reported that a “light/glare halo effect” occurred at the top of the FMV feed.  Video Description: 00:01-00:03: Two semi-transparent, irregularly shaped orange areas overlay the background imagery, persisting for less than two seconds each.  This video description is provided for informational purposes only. Readers should not interpret any part of this description as reflecting an analytical judgment, investigative conclusion, or factual determination regarding the described event’s validity, nature, or significance.",DOD_111689005.mp4,https://d34w7g4gy10iej.cloudfront.net/video/2605/DOD_111689005/DOD_111689005.mp4,426911,https://www.dvidshub.net/video/1006079
"DOW-UAP-PR34, Unresolved UAP Report, Greece, October 2023",01,,"The United States Central Command submitted a report of an unidentified anomalous phenomenon (UAP) to the All-domain Anomaly Resolution Office (AARO) consisting of two minutes and 57 seconds of video footage from an infrared sensor aboard a U.S. military platform in 2023. An accompanying mission report, DoW-UAP-D33, described the UAP as flying near the surface of the ocean and making multiple “90-degree turns” at approximately 80 miles per hour.  Video Description: 00:04: An area of contrast enters the sensor field-of-view from the bottom left quarter of the screen. 00:07-00:19: The area of contrast moves back and forth horizontally across the field-of-view as the sensor pans to track it. 00:20-01:00: The area of contrast remains generally centered within the sensor field-of-view. 01:00-02:01: The sensor designates the area of contrast with a blue reticle, synchronizing its motion with the area of contrast’s relative position. 02:02-02:21: The sensor engages a contrast filter to better differentiate the area of contrast from the background. 02:22: The area of contrast becomes indistinguishable against the background, and the reticle drops its lock. 02:27-02:57: After losing lock, the sensor rapidly cycles zoom levels and contrast thresholds.  This video description is provided for informational purposes only. Readers should not interpret any part of this description as reflecting an analytical judgment, investigative conclusion, or factual determination regarding the described event’s validity, nature, or significance.",DOD_111689011.mp4,https://d34w7g4gy10iej.cloudfront.net/video/2605/DOD_111689011/DOD_111689011.mp4,198248609,https://www.dvidshub.net/video/1006080
"DOW-UAP-PR35, Unresolved UAP Report, Greece, October 2023",01,,"The United States Central Command submitted a report of an unidentified anomalous phenomenon (UAP) to the All-domain Anomaly Resolution Office (AARO) consisting of 24 seconds of video footage from an infrared sensor aboard a U.S. military platform in 2023. An accompanying mission report, DoW-UAP-D35, described the UAP as small and circular, flying near the surface of the ocean toward land.  Video Description: 00:02: The sensor narrows its field-of-view to zoom in on an area of contrast near the center of the screen. 00:03-00:19: The sensor tracks the area of contrast as it moves against the ocean background. 00:20: As the background scene transitions from being predominantly water to land, the area of contrast becomes indistinguishable.  This video description is provided for informational purposes only. Readers should not interpret any part of this description as reflecting an analytical judgment, investigative conclusion, or factual determination regarding the described event’s validity, nature, or significance.",DOD_111689022.mp4,https://d34w7g4gy10iej.cloudfront.net/video/2605/DOD_111689022/DOD_111689022.mp4,2406930,https://www.dvidshub.net/video/1006082
"DOW-UAP-PR36, Unresolved UAP Report, Middle East, May 2020",01,,"The United States Central Command submitted a report of an unidentified anomalous phenomenon (UAP) to the All-domain Anomaly Resolution Office (AARO) consisting of two minutes and 17 seconds of video footage from an infrared sensor aboard a U.S. military platform in 2020. An accompanying Range Fouler report, DoW-UAP-D38, described the UAP as a solid white object making erratic movements above the water.  Video Description: 00:05: An area of contrast briefly enters the sensor field-of-view from the left side of the screen. 00:06-00:18: The sensor pans away from the scene’s initial subject matter while cycling contrast settings and zoom levels. 00:19: The area of contrast re-enters the sensor field-of-view from near the center of the top edge of the screen. 00:20-01:15: The area of contrast remains generally within the sensor field-of-view. 01:16: The sensor narrows its field-of-view to zoom in on the area of contrast. 01:56: The sensor further narrows its field-of-view to zoom in on the area of contrast. 02:10: A blue reticle briefly appears on screen but does not acquire a lock on the area of contrast. 02:15-02:17: The sensor switches to a different modality and loses track of the area of contrast.  This video description is provided for informational purposes only. Readers should not interpret any part of this description as reflecting an analytical judgment, investigative conclusion, or factual determination regarding the described event’s validity, nature, or significance.",DOD_111689030.mp4,https://d34w7g4gy10iej.cloudfront.net/video/2605/DOD_111689030/DOD_111689030.mp4,142686223,https://www.dvidshub.net/video/1006083
"DOW-UAP-PR37, Unresolved UAP Report, Middle East, 2020",01,,"The United States Central Command submitted a report of an unidentified anomalous phenomenon to the All-domain Anomaly Resolution Office (AARO) consisting of nine seconds of video footage from an infrared sensor aboard a U.S. military platform in 2020. The reporter did not provide any oral or written description of the observation.  Video Description: 00:06-00:08: An area of contrast enters the sensor field-of-view from the bottom left quarter of the screen, follows a generally linear path from the bottom of the screen to the top, and exits from the top left quarter.  This video description is provided for informational purposes only. Readers should not interpret any part of this description as reflecting an analytical judgment, investigative conclusion, or factual determination regarding the described event’s validity, nature, or significance.",DOD_111689044.mp4,https://d34w7g4gy10iej.cloudfront.net/video/2605/DOD_111689044/DOD_111689044.mp4,8543893,https://www.dvidshub.net/video/1006087
"DOW-UAP-PR38, Unresolved UAP Report, Middle East, 2013",01,,"The United States Central Command submitted a report of an unidentified anomalous phenomenon to the All-domain Anomaly Resolution Office (AARO) consisting of one minute and 46 seconds of video footage from an infrared sensor aboard a U.S. military platform in 2013. The reporter did not provide any oral or written description of the observation.  Video Description: This video depicts an area of contrast resembling an eight-pointed star with arms of alternating length. 00:10: The sensor field-of-view narrows to zoom in on the area of contrast. 00:11-00:29: The area of contrast moves within the sensor field-of-view, followed by a visible trail. 00:30: The area of contrast leaves the sensor field-of-view at the bottom right of the screen. 00:35-01:44: Following an apparent cut, the area of contrast generally remains within the sensor field-of-view before exiting the frame from the top left quarter of the screen.  This video description is provided for informational purposes only. Readers should not interpret any part of this description as reflecting an analytical judgment, investigative conclusion, or factual determination regarding the described event’s validity, nature, or significance.",DOD_111689051.mp4,https://d34w7g4gy10iej.cloudfront.net/video/2605/DOD_111689051/DOD_111689051.mp4,30707537,https://www.dvidshub.net/video/1006088
"DOW-UAP-PR39, Unresolved UAP Report, Middle East, 2020",01,,"The United States Central Command submitted a report of an unidentified anomalous phenomenon to the All-domain Anomaly Resolution Office (AARO) consisting of five seconds of video footage from an infrared sensor aboard a U.S. military platform in 2020. The reporter did not provide any oral or written description of the observation.  Video Description: 00:03-00:05: A faint area of contrast enters the sensor field-of-view from the bottom half of the right edge of the screen, proceeds from right to left across the corner of the frame, and exits the scene from near the center of the bottom edge of the screen.  This video description is provided for informational purposes only. Readers should not interpret any part of this description as reflecting an analytical judgment, investigative conclusion, or factual determination regarding the described event’s validity, nature, or significance.",DOD_111689057.mp4,https://d34w7g4gy10iej.cloudfront.net/video/2605/DOD_111689057/DOD_111689057.mp4,1708179,https://www.dvidshub.net/video/1006089
"DOW-UAP-PR40, Unresolved UAP Report, Middle East, 2020",01,,"The United States Central Command submitted a report of an unidentified anomalous phenomenon to the All-domain Anomaly Resolution Office (AARO) consisting of one minute and three seconds of video footage from an infrared sensor aboard a U.S. military platform in 2020. The original reporter digitally altered the imagery by pausing the video playback and adding a white line encircling an area of interest at timestamp 00:10, annotated with the phrase “U/I SMALL THERMAL SIGNATURE.” AARO did not edit the originally reported material, and this media is presented as received.  Video Description: 00:00-00:09: An area of contrast brightens within the sensor field-of-view, becoming increasingly distinct against the background. 00:10-00:14: Playback pauses to display a white line encircling an area of interest, annotated with the phrase “U/I SMALL THERMAL SIGNATURE.” 00:15-01:03: Playback resumes, with the sensor panning to track the area of contrast against the background, generally maintaining the area of contrast’s position within the top third of the display area. During this period, the sensor cycles through several contrast and zoom settings.  This video description is provided for informational purposes only. Readers should not interpret any part of this description as reflecting an analytical judgment, investigative conclusion, or factual determination regarding the described event’s validity, nature, or significance.",DOD_111689082.mp4,https://d34w7g4gy10iej.cloudfront.net/video/2605/DOD_111689082/DOD_111689082.mp4,29392078,https://www.dvidshub.net/video/1006093
"DOW-UAP-PR41, Unresolved UAP Report, Middle East, 2020",01,,"The United States Central Command submitted a report of an unidentified anomalous phenomenon to the All-domain Anomaly Resolution Office (AARO) consisting of one minute and 34 seconds of video footage from an infrared sensor aboard a U.S. military platform in 2020. The reporter did not provide any oral or written description of the observation.  Video Description: 00:01: An area of contrast enters the sensor field-of-view from the bottom third of the left side of the screen. 00:02-01:34: The sensor pans from left to right, tracking the area of contrast and keeping it generally centered within the field-of-view.  This video description is provided for informational purposes only. Readers should not interpret any part of this description as reflecting an analytical judgment, investigative conclusion, or factual determination regarding the described event’s validity, nature, or significance.",DOD_111689083.mp4,https://d34w7g4gy10iej.cloudfront.net/video/2605/DOD_111689083/DOD_111689083.mp4,116787147,https://www.dvidshub.net/video/1006094
"DOW-UAP-PR42, Unresolved UAP Report, Middle East, 2020",01,,"The United States Central Command submitted a report of an unidentified anomalous phenomenon to the All-domain Anomaly Resolution Office (AARO) consisting of four minutes and 53 seconds of video footage from an infrared sensor aboard a U.S. military platform in 2020. The reporter did not provide any oral or written description of the observation.  Video Description: 00:00-00:12: An area of contrast enters the sensor field-of-view from the bottom left corner of the frame. The sensor pans to track the area of contrast, keeping it generally within the lower left quadrant of the frame. 00:13-00:40: The area of contrast intermittently loses distinctiveness against the background, seeming to disappear and reappear irregularly. 00:41: The sensor narrows its field-of-view to zoom in on the area of contrast. 00:42-00:52: An area of contrast exits the sensor field-of-view from the left half of the top of the frame, after which the sensor pans up and to the left. 00:53-02:09: The sensor pans erratically, with an area of contrast appearing in a relatively fixed position to the left and slightly below the center of the frame. 02:09-02:29: The sensor switches imaging modalities, and the area of contrast appears to the right and slightly above the center of the frame. 02:30-04:53: The sensor switches imaging modalities again, and the area of contrast returns to its previous position to the left and slightly below the center of the frame.  This video description is provided for informational purposes only. Readers should not interpret any part of this description as reflecting an analytical judgment, investigative conclusion, or factual determination regarding the described event’s validity, nature, or significance.",DOD_111689090.mp4,https://d34w7g4gy10iej.cloudfront.net/video/2605/DOD_111689090/DOD_111689090.mp4,274712045,https://www.dvidshub.net/video/1006097
"DOW-UAP-PR43, Unresolved UAP Report, Africa, 2025",01,,"The United States Africa Command submitted a report of an unidentified anomalous phenomenon to the All-domain Anomaly Resolution Office (AARO) consisting of two seconds of video footage from an infrared sensor aboard a U.S. military platform in 2025. The reporter did not provide any oral or written description of the observation.  Video Description: 00:00-00:02: A small, barely distinguishable area of contrast moves from the left side of the sensor field-of-view to the right side, exiting the scene from the bottom right quarter of the screen.  This video description is provided for informational purposes only. Readers should not interpret any part of this description as reflecting an analytical judgment, investigative conclusion, or factual determination regarding the described event’s validity, nature, or significance. The video is looped for viewing purposes.",DOD_111689759.mp4,https://d34w7g4gy10iej.cloudfront.net/video/2605/DOD_111689759/DOD_111689759.mp4,9089058,https://www.dvidshub.net/video/1006159
"DOW-UAP-PR44, Unresolved UAP Report, Middle East, 2020",01,,"The United States Central Command submitted a report of an unidentified anomalous phenomenon (UAP) to the All-domain Anomaly Resolution Office (AARO) consisting of five minutes and 11 seconds of video footage from an infrared sensor aboard a U.S. military platform in 2020. The reporter did not provide any oral or written description of the observation.  Video Description: This video features incidentally recorded audio, which does not relate to the visual content described below. 00:00-00:30: No content. 00:31-03:24: The sensor pans down and to the right to focus on an area of contrast. The sensor tracks the area of contrast against the background for approximately three minutes, panning to maintain its position generally within the center of the frame. The sensor cycles contrast and zoom levels several times throughout, appearing as brief, bright white flashes across the frame. 03:25-04:23: The sensor cycles through reticles of various sizes while continuing to track the area of contrast. Between 04:20 and 04:23, the area of contrast briefly leaves the center of the sensor field-of-view. 04:24-04:50: The sensor field-of-view widens to zoom out from the scene, continuing to track the area of contrast. 04:50-04:54: The sensor stops tracking the area of contrast, at which point it exits the frame from the top left quadrant of the screen. 04:55-05:11: No content.  This video description is provided for informational purposes only. Readers should not interpret any part of this description as reflecting an analytical judgment, investigative conclusion, or factual determination regarding the described event’s validity, nature, or significance.",DOD_111689115.mp4,https://d34w7g4gy10iej.cloudfront.net/video/2605/DOD_111689115/DOD_111689115.mp4,86775527,https://www.dvidshub.net/video/1006104
"DOW-UAP-PR45, Unresolved UAP Report, Middle East, 2020",01,,"The Department of the Air Force submitted a report of an unidentified anomalous phenomenon to the All-domain Anomaly Resolution Office (AARO) consisting of 58 seconds of video footage from an infrared sensor aboard a U.S. military platform in 2020. The reporter did not provide any oral or written description of the observation.  Video Description: 00:00-00:03: The sensor tracks an area of contrast acquiring a reticle lock. 00:04-00:30: The area of contrast gradually increases in distinctiveness against the background. 00:31: The sensor narrows its field-of-view to zoom in on the area of contrast. 00:32-00:56: The area of contrast increases in apparent size and distinctiveness. 00:57-00:58: The area of contrast leaves the center of the frame and passes out of the sensor field-of-view, exiting the scene in the bottom right corner of the screen.  This video description is provided for informational purposes only. Readers should not interpret any part of this description as reflecting an analytical judgment, investigative conclusion, or factual determination regarding the described event’s validity, nature, or significance.  AARO Comment: The area of contrast’s apparent increase in size is likely to be at least partially attributable to the U.S. platform closing the distance between itself and the source of the detection.",DOD_111689123.mp4,https://d34w7g4gy10iej.cloudfront.net/video/2605/DOD_111689123/DOD_111689123.mp4,14908599,https://www.dvidshub.net/video/1006105
"DOW-UAP-PR46, Unresolved UAP Report, INDOPACOM, 2024",01,,"The United States Indo-Pacific Command submitted a report of an unidentified anomalous phenomenon to the All-domain Anomaly Resolution Office (AARO) consisting of nine seconds of video footage from an infrared sensor aboard a U.S. military platform in 2024. The reporter did not provide any oral or written description of the observation.  Video Description: 00:00-00:09: The sensor focuses on an area of contrast that resembles a football-shaped body with three radial projections: one oriented vertically, and two oriented downward at a 45-degree angle relative to the major axis of the main mass.  This video description is provided for informational purposes only. Readers should not interpret any part of this description as reflecting an analytical judgment, investigative conclusion, or factual determination regarding the described event’s validity, nature, or significance.",DOD_111689133.mp4,https://d34w7g4gy10iej.cloudfront.net/video/2605/DOD_111689133/DOD_111689133.mp4,3005135,https://www.dvidshub.net/video/1006106
"DOW-UAP-PR47, Unresolved UAP Report, INDOPACOM, 2023",01,,"The United States Indo-Pacific Command submitted a report of an unidentified anomalous phenomenon to the All-domain Anomaly Resolution Office (AARO) consisting of one minute and 59 seconds of video footage from an infrared sensor aboard a U.S. military platform in 2023. The reporter did not provide any oral or written description of the observation.  Video Description: 00:00-01:59: The sensor tracks three distinct areas of contrast, maintaining their positions generally within the center of the frame. The areas of contrast appear to maintain a fixed position and orientation relative to one another.  This video description is provided for informational purposes only. Readers should not interpret any part of this description as reflecting an analytical judgment, investigative conclusion, or factual determination regarding the described event’s validity, nature, or significance.",DOD_111689142.mp4,https://d34w7g4gy10iej.cloudfront.net/video/2605/DOD_111689142/DOD_111689142.mp4,15963093,https://www.dvidshub.net/video/1006107
"DOW-UAP-PR48, Unresolved UAP Report, INDOPACOM, 2024",01,,"The United States Indo-Pacific Command submitted a report of an unidentified anomalous phenomenon to the All-domain Anomaly Resolution Office (AARO) consisting of one minute and 39 seconds of video footage from an infrared sensor aboard a U.S. military platform in 2024. The reporter did not provide any oral or written description of the observation.  Video Description: 00:00-01:39: The sensor tracks an area of contrast, maintaining its position generally within the center of the frame.  This video description is provided for informational purposes only. Readers should not interpret any part of this description as reflecting an analytical judgment, investigative conclusion, or factual determination regarding the described event’s validity, nature, or significance.",DOD_111689167.mp4,https://d34w7g4gy10iej.cloudfront.net/video/2605/DOD_111689167/DOD_111689167.mp4,116761162,https://www.dvidshub.net/video/1006110
"DOW-UAP-PR49, Unresolved UAP Report, Department of the Army, 2026",01,,"The Department of the Army submitted a report of an unidentified anomalous phenomenon to the All-domain Anomaly Resolution Office (AARO) consisting of one minute and 49 seconds of video from an infrared sensor aboard a U.S. military platform in 2026. The reporter did not provide any oral or written description of the observation.  Video Description: 00:00-00:08: The sensor tracks an initial area of interest. 00:09-00:16: The sensor disengages from its previous area of focus and pans from right to left to track two areas of contrast, narrowing the field-of-view to zoom in while panning to maintain the objects' positions generally within the center of the frame. 00:17-01:03: The sensor widens its field-of-view to zoom out, keeping the areas of contrast generally centered within the display. 01:04-01:08: The sensor field-of-view rapidly cycles between levels of zoom, causing the areas of contrast to appear to rapidly increase and decrease in size. 01:09-01:48: The sensor tracks the areas of contrast while maintaining a generally centered position, intermittently cycling between contrast settings.  This video description is provided for informational purposes only. Readers should not interpret any part of this description as reflecting an analytical judgment, investigative conclusion, or factual determination regarding the described event’s validity, nature, or significance.",DOD_111689168.mp4,https://d34w7g4gy10iej.cloudfront.net/video/2605/DOD_111689168/DOD_111689168.mp4,17266193,https://www.dvidshub.net/video/1006111
"DOW-UAP-PR050, ""4 UAP Formation Iran 26 Aug 2022 over water [CALLSIGN]""",02,,,DOD_111719709.mp4,https://d34w7g4gy10iej.cloudfront.net/video/2605/DOD_111719709/DOD_111719709.mp4,3103288,https://www.dvidshub.net/video/1007706
"DOW-UAP-PR051, ""Syrian UAP instant acceleration""",02,,,DOD_111719715.mp4,https://d34w7g4gy10iej.cloudfront.net/video/2605/DOD_111719715/DOD_111719715.mp4,154585431,https://www.dvidshub.net/video/1007707
"DOW-UAP-PR052, ""UAP USO Formation [CALLSIGN] (Mission)""",02,,,DOD_111719718.mp4,https://d34w7g4gy10iej.cloudfront.net/video/2605/DOD_111719718/DOD_111719718.mp4,513739591,https://www.dvidshub.net/video/1007708
"DOW-UAP-PR053, ""Cigar Shaped or Fast Sherical UAP clip 15 OCT 22""",02,,,DOD_111719723.mp4,https://d34w7g4gy10iej.cloudfront.net/video/2605/DOD_111719723/DOD_111719723.mp4,2770399,https://www.dvidshub.net/video/1007709
"DOW-UAP-PR054, ""Spherical UAP Erratic movement [CALLSIGN] (Mission) 2022""",02,,,DOD_111719726.mp4,https://d34w7g4gy10iej.cloudfront.net/video/2605/DOD_111719726/DOD_111719726.mp4,61738864,https://www.dvidshub.net/video/1007711
"DOW-UAP-PR089, ""31 AUG [CALLSIGN] [CALLSIGN] Observes UAP part2""",02,,,DOD_111719730.mp4,https://d34w7g4gy10iej.cloudfront.net/video/2605/DOD_111719730/DOD_111719730.mp4,59020123,https://www.dvidshub.net/video/1007712
"DOW-UAP-PR055, ""Spherical UAP over AFG in and out of clouds 23 Nov 2020""",02,,,DOD_111719732.mp4,https://d34w7g4gy10iej.cloudfront.net/video/2605/DOD_111719732/DOD_111719732.mp4,17638967,https://www.dvidshub.net/video/1007713
"DOW-UAP-PR092, ""08 AUG 2020 [CALLSIGN] [CALLSIGN] UAP observation",02,,,DOD_111719736.mp4,https://d34w7g4gy10iej.cloudfront.net/video/2605/DOD_111719736/DOD_111719736.mp4,99372014,https://www.dvidshub.net/video/1007715
"DOW-UAP-PR091, ""21 AUG [CALLSIGN] Observes UAP in Persian Gulf",02,,,DOD_111719739.mp4,https://d34w7g4gy10iej.cloudfront.net/video/2605/DOD_111719739/DOD_111719739.mp4,113398818,https://www.dvidshub.net/video/1007716
"DOW-UAP-PR056, ""Spherical UAP pulsing over water [CALLSIGN]""",02,,,DOD_111719741.mp4,https://d34w7g4gy10iej.cloudfront.net/video/2605/DOD_111719741/DOD_111719741.mp4,154396345,https://www.dvidshub.net/video/1007718
"DOW-UAP-PR090, ""24 AUG 2020 [CALLSIGN] (Mission) Observes UAP",02,,,DOD_111719746.mp4,https://d34w7g4gy10iej.cloudfront.net/video/2605/DOD_111719746/DOD_111719746.mp4,119599140,https://www.dvidshub.net/video/1007719
"DOW-UAP-PR057a, ""Spherical UAP in clouds""",02,,,DOD_111719752.mp4,https://d34w7g4gy10iej.cloudfront.net/video/2605/DOD_111719752/DOD_111719752.mp4,32245123,https://www.dvidshub.net/video/1007720
"DOW-UAP-PR093, ""May 05 2020 Gulf of Arabia [CALLSIGN] (Platform) Dual UAP",02,,,DOD_111719795.mp4,https://d34w7g4gy10iej.cloudfront.net/video/2605/DOD_111719795/DOD_111719795.mp4,14386538,https://www.dvidshub.net/video/1007721
"DOW-UAP-PR094, ""[CALLSIGN] (Mission) - HD 2020-02-13",02,,,DOD_111719799.mp4,https://d34w7g4gy10iej.cloudfront.net/video/2605/DOD_111719799/DOD_111719799.mp4,35576526,https://www.dvidshub.net/video/1007722
"DOW-UAP-PR058, ""[CALLSIGN] (Mission) UAP""",02,,,DOD_111719800.mp4,https://d34w7g4gy10iej.cloudfront.net/video/2605/DOD_111719800/DOD_111719800.mp4,222784206,https://www.dvidshub.net/video/1007723
"DOW-UAP-PR095, ""May 05 2020 Gulf of Arabia [CALLSIGN] (Platform) Dual UAP""",02,,,DOD_111719804.mp4,https://d34w7g4gy10iej.cloudfront.net/video/2605/DOD_111719804/DOD_111719804.mp4,193686171,https://www.dvidshub.net/video/1007725
"DOW-UAP-PR096, ""HH11 03 July 2018 UAPs",02,,,DOD_111719807.mp4,https://d34w7g4gy10iej.cloudfront.net/video/2605/DOD_111719807/DOD_111719807.mp4,73000480,https://www.dvidshub.net/video/1007726
"DOW-UAP-PR059, ""NAG UAP 1 Jun 20""",02,,,DOD_111719809.mp4,https://d34w7g4gy10iej.cloudfront.net/video/2605/DOD_111719809/DOD_111719809.mp4,71526914,https://www.dvidshub.net/video/1007727
"DOW-UAP-PR097, ""Hi-Res: [CALLSIGN] Observes UAP on 25SEP19 at 2135Z""",02,,,DOD_111719813.mp4,https://d34w7g4gy10iej.cloudfront.net/video/2605/DOD_111719813/DOD_111719813.mp4,102201405,https://www.dvidshub.net/video/1007728
"DOW-UAP-PR060, ""Spherical UAP [CALLSIGN] 2021/04/12 obj 2""",02,,,DOD_111719823.mp4,https://d34w7g4gy10iej.cloudfront.net/video/2605/DOD_111719823/DOD_111719823.mp4,232016287,https://www.dvidshub.net/video/1007734
"DOW-UAP-PR061, ""Spherical UAP [CALLSIGN] 2021/04/12 vid 0""",02,,,DOD_111719828.mp4,https://d34w7g4gy10iej.cloudfront.net/video/2605/DOD_111719828/DOD_111719828.mp4,155095103,https://www.dvidshub.net/video/1007735
"DOW-UAP-PR098, ""UFOs in formation over Persian Gulf?",02,,,DOD_111719833.mp4,https://d34w7g4gy10iej.cloudfront.net/video/2605/DOD_111719833/DOD_111719833.mp4,255204035,https://www.dvidshub.net/video/1007737
"DOW-UAP-PR099, ""Hi-Res: [CALLSIGN] Observes UAP on 25SEP19 at 1715Z",02,,,DOD_111719835.mp4,https://d34w7g4gy10iej.cloudfront.net/video/2605/DOD_111719835/DOD_111719835.mp4,80316993,https://www.dvidshub.net/video/1007738
"DOW-UAP-PR062, ""Spherical UAP [CALLSIGN] 2021/04/12 vid 1""",02,,,DOD_111719847.mp4,https://d34w7g4gy10iej.cloudfront.net/video/2605/DOD_111719847/DOD_111719847.mp4,152419204,https://www.dvidshub.net/video/1007739
"DOW-UAP-PR063, ""Spherical UAP [CALLSIGN] 2021/04/12 vid 2""",02,,,DOD_111719850.mp4,https://d34w7g4gy10iej.cloudfront.net/video/2605/DOD_111719850/DOD_111719850.mp4,217735043,https://www.dvidshub.net/video/1007740
"DOW-UAP-PR064, ""AFSOC Kabul UAP Jul 2017""",02,,,DOD_111719852.mp4,https://d34w7g4gy10iej.cloudfront.net/video/2605/DOD_111719852/DOD_111719852.mp4,3233071,https://www.dvidshub.net/video/1007741
"DOW-UAP-PR065, ""USCG C-144 Tyndall UAP 2 TIC TAC IR hot 24 April 2024""",02,,,DOD_111720692.mp4,https://d34w7g4gy10iej.cloudfront.net/video/2605/DOD_111720692/DOD_111720692.mp4,1357057,https://www.dvidshub.net/video/1007777
"DOW-UAP-PR066, ""USCG C-144 Tyndall UAP 1 TIC TAC IR hot 24 April 2024""",02,,,DOD_111720693.mp4,https://d34w7g4gy10iej.cloudfront.net/video/2605/DOD_111720693/DOD_111720693.mp4,35508173,https://www.dvidshub.net/video/1007778
"DOW-UAP-PR067, ""Multiple Spherical UAP USO near Sub. [CALLSIGN] 2022/03/25 in and out of water""",02,,,DOD_111720696.mp4,https://d34w7g4gy10iej.cloudfront.net/video/2605/DOD_111720696/DOD_111720696.mp4,161108257,https://www.dvidshub.net/video/1007779
"DOW-UAP-PR068, ""IIR 1 666 S0151 23/Video Footage of Unidentified Aerial Phenomenon (UAP) captured by fifth generation aircraft on 20 Jan 23""",02,,,DOD_111720698.mp4,https://d34w7g4gy10iej.cloudfront.net/video/2605/DOD_111720698/DOD_111720698.mp4,16388514,https://www.dvidshub.net/video/1007780
"DOW-UAP-PR069, ""F/A-18 FLIR UAP""",02,,,DOD_111720700.mp4,https://d34w7g4gy10iej.cloudfront.net/video/2605/DOD_111720700/DOD_111720700.mp4,14735885,https://www.dvidshub.net/video/1007781
"DOW-UAP-PR070, ""IIR 1 655 S0301 23/Eglin AFB Aircrew Observed Unidentified Aerial Phenomena (UAP) on 13 Feb 23""",02,,,DOD_111720720.mp4,https://d34w7g4gy10iej.cloudfront.net/video/2605/DOD_111720720/DOD_111720720.mp4,37550237,https://www.dvidshub.net/video/1007783
"DOW-UAP-PR071, ""USAF ANG F-16C (callsign [CALLSIGN]) Shoots Down UAP over Lake Huron with [Weapon System], 12 Feb 2023""",02,,,DOD_111720731.mp4,https://d34w7g4gy10iej.cloudfront.net/video/2605/DOD_111720731/DOD_111720731.mp4,4882300,https://www.dvidshub.net/video/1007784
"DOW-UAP-PR072, ""ADMINISTRATIVE REVISION: IIR 1777 J0032 22 Kazakhstan - UAP in the vicinity of Karaganda International Airport""",02,,,DOD_111720752.mp4,https://d34w7g4gy10iej.cloudfront.net/video/2605/DOD_111720752/DOD_111720752.mp4,3879489,https://www.dvidshub.net/video/1007788
"DOW-UAP-PR073, IIR 1 655 S0053 23/Several Unidentified Aerial Phenomenon Encountered In The Vicinity of Columbus OH""",02,,,DOD_111720765.mp4,https://d34w7g4gy10iej.cloudfront.net/video/2605/DOD_111720765/DOD_111720765.mp4,2347351,https://www.dvidshub.net/video/1007790
"DOW-UAP-PR074, ""[CALLSIGN] (Mission)HD_20220613""",02,,,DOD_111720775.mp4,https://d34w7g4gy10iej.cloudfront.net/video/2605/DOD_111720775/DOD_111720775.mp4,77412815,https://www.dvidshub.net/video/1007791
"DOW-UAP-PR075, ""09JUN2021 [Platform] observed UAP in the ECS""",02,,,DOD_111720809.mp4,https://d34w7g4gy10iej.cloudfront.net/video/2605/DOD_111720809/DOD_111720809.mp4,19009940,https://www.dvidshub.net/video/1007795
"DOW-UAP-PR085, ""16 Sept 2020 [CALLSIGN] [CALLSIGN] observes UAP",02,,,DOD_111720822.mp4,https://d34w7g4gy10iej.cloudfront.net/video/2605/DOD_111720822/DOD_111720822.mp4,64247862,https://www.dvidshub.net/video/1007796
"DOW-UAP-PR086, ""UAP from Dec 2019 (East Coast)",02,,,DOD_111720827.mp4,https://d34w7g4gy10iej.cloudfront.net/video/2605/DOD_111720827/DOD_111720827.mp4,17686298,https://www.dvidshub.net/video/1007797
"DOW-UAP-PR087, ""05 September 2020 [CALLSIGN] UAP",02,,,DOD_111720830.mp4,https://d34w7g4gy10iej.cloudfront.net/video/2605/DOD_111720830/DOD_111720830.mp4,76491083,https://www.dvidshub.net/video/1007799
"DOW-UAP-PR088, ""31 AUG [CALLSIGN] [CALLSIGN] Observes UAP",02,,,DOD_111720843.mp4,https://d34w7g4gy10iej.cloudfront.net/video/2605/DOD_111720843/DOD_111720843.mp4,65470569,https://www.dvidshub.net/video/1007800
"DOW-UAP-PR080, ""20 October 2020 [CALLSIGN] [CALLSIGN] Observes UAP",02,,,DOD_111720856.mp4,https://d34w7g4gy10iej.cloudfront.net/video/2605/DOD_111720856/DOD_111720856.mp4,57312113,https://www.dvidshub.net/video/1007803
"DOW-UAP-PR076, ""03 January 2021 [CALLSIGN] (Mission) observes UAP""",02,,,DOD_111720857.mp4,https://d34w7g4gy10iej.cloudfront.net/video/2605/DOD_111720857/DOD_111720857.mp4,85356068,https://www.dvidshub.net/video/1007804
"DOW-UAP-PR081, ""18 Oct 2020 [CALLSIGN] observes UAP",02,,,DOD_111720858.mp4,https://d34w7g4gy10iej.cloudfront.net/video/2605/DOD_111720858/DOD_111720858.mp4,45125826,https://www.dvidshub.net/video/1007805
"DOW-UAP-PR082, ""16 OCT 2020 [CALLSIGN] views UAP",02,,,DOD_111720861.mp4,https://d34w7g4gy10iej.cloudfront.net/video/2605/DOD_111720861/DOD_111720861.mp4,42732227,https://www.dvidshub.net/video/1007807
"DOW-UAP-PR083, ""7 October 2020 [CALLSIGN] observes UAP",02,,,DOD_111720883.mp4,https://d34w7g4gy10iej.cloudfront.net/video/2605/DOD_111720883/DOD_111720883.mp4,49591522,https://www.dvidshub.net/video/1007808
"DOW-UAP-PR077, ""2 November 2020 [CALLSIGN] [CALLSIGN] Observes and tracks UAP 1 of 2""",02,,,DOD_111720884.mp4,https://d34w7g4gy10iej.cloudfront.net/video/2605/DOD_111720884/DOD_111720884.mp4,81019965,https://www.dvidshub.net/video/1007809
"DOW-UAP-PR084, ""17 Sept 2020 [CALLSIGN] observes UAP",02,,,DOD_111720886.mp4,https://d34w7g4gy10iej.cloudfront.net/video/2605/DOD_111720886/DOD_111720886.mp4,73611902,https://www.dvidshub.net/video/1007810
"DOW-UAP-PR078, ""2 November 2020 [CALLSIGN] [CALLSIGN] Observes and tracks UAP 2 of 2""",02,,,DOD_111720890.mp4,https://d34w7g4gy10iej.cloudfront.net/video/2605/DOD_111720890/DOD_111720890.mp4,73021645,https://www.dvidshub.net/video/1007812
"DOW-UAP-PR079, ""29 October 2020 [CALLSIGN] (Mission) observes 3 fast moving UAP's",02,,,DOD_111720899.mp4,https://d34w7g4gy10iej.cloudfront.net/video/2605/DOD_111720899/DOD_111720899.mp4,68997343,https://www.dvidshub.net/video/1007816
"NASA-UAP-D008, Apollo 12 Medical Debriefing - Tape 12, 1969",02,,,DOD_111721693.mp4,https://d34w7g4gy10iej.cloudfront.net/video/2605/DOD_111721693/DOD_111721693.mp4,157250750,https://www.dvidshub.net/video/1007870
"NASA-UAP-D009, Apollo 17 Audio Excerpt, December 7, 1972",02,,,DOD_111721698.mp4,https://d34w7g4gy10iej.cloudfront.net/video/2605/DOD_111721698/DOD_111721698.mp4,261037350,https://www.dvidshub.net/video/1007872
"NASA-UAP-D010, Mercury Atlas 9 Audio Excerpt, May 15, 1963",02,,,DOD_111721711.mp4,https://d34w7g4gy10iej.cloudfront.net/video/2605/DOD_111721711/DOD_111721711.mp4,164897834,https://www.dvidshub.net/video/1007874
"NASA-UAP-D011, Mercury Atlas 9 Audio Excerpt, May 15, 1963",02,,,DOD_111721737.mp4,https://d34w7g4gy10iej.cloudfront.net/video/2605/DOD_111721737/DOD_111721737.mp4,416230797,https://www.dvidshub.net/video/1007876
"NASA-UAP-D012, Mercury Atlas 8 Audio Excerpt, October 3, 1962",02,,,DOD_111721747.mp4,https://d34w7g4gy10iej.cloudfront.net/video/2605/DOD_111721747/DOD_111721747.mp4,214076300,https://www.dvidshub.net/video/1007877
"NASA-UAP-D014, Mercury-Redstone 4, July 21, 1961",02,,,DOD_111721755.mp4,https://d34w7g4gy10iej.cloudfront.net/video/2605/DOD_111721755/DOD_111721755.mp4,33843484,https://www.dvidshub.net/video/1007878
"NASA-UAP-D013, Mercury Atlas 7, May 24, 1962",02,,,DOD_111721758.mp4,https://d34w7g4gy10iej.cloudfront.net/video/2605/DOD_111721758/DOD_111721758.mp4,81705408,https://www.dvidshub.net/video/1007879
"FBI-UAP-PR003, “Orbs Over the Pond,” 2024",03,,"In October 2024, at approximately 1851 local time in the northeastern United States, an eyewitness observed a light source below the horizon, hovering above a pond at an estimated distance of 2,700 feet. The luminous object resembled a “plasma-like sphere” intermittently changing shape and luminosity. At times, the primary light source appeared to separate into smaller luminous points. A luminous point below the primary source hovered just above the water and did not appear consistent with a surface reflection. The object remained generally stationary for approximately 45 minutes before disappearing. The eyewitness did not hear any sound from the objects. This video was captured by a private citizen on an iPhone and subsequently analyzed and authenticated by the U.S. Government. To protect the individual’s privacy, the footage has been cropped. Apart from this privacy-protective measure, no edits, enhancements, or alterations have been made to the visual content.     The description above is derived from statements provided to the Federal Bureau of Investigation (FBI) by an eyewitness to the event. The FBI assesses the individual who reported this event as highly credible. The subject matter described in files FBI-UAP-D004 through FBI-UAP-D008 and depicted in the video footage FBI-UAP-PR001 through FBI-UAP-PR003 corresponds to reports originating from the same general area in the northeastern United States.",FBI-UAP-PR003_Orbs_Over_the_Pond_2024.mp4,https://d34w7g4gy10iej.cloudfront.net/video/2606/DOD_111764159/DOD_111764159.mp4,296467952,https://www.dvidshub.net/video/1010267
"FBI-UAP-PR004, “Northeastern Orb Sighting,” 2025",03,,"In July 2025, at approximately 2100 local time in the northeastern United States, an eyewitness observed an intense bright light in their backyard as they parked their car upon returning home from work. The light was hovering approximately 25 feet off the ground, below a tree line near the center of their backyard, at an estimated distance of 90 feet. The eyewitness exited their vehicle briefly before retrieving their phone to record the event. The spouse of the eyewitness came outside to assess the situation. The spouse also witnessed the light, describing it as a “brilliant red sphere” about one meter in diameter. The center of the red sphere appeared to be a white plasma “sun” about the size of a basketball. The orb slowly rose and moved to the left, and both eyewitnesses observed a second, identical orb, hovering above the other orb.    The eyewitness then began recording the event using an iPhone 14 Pro Max, capturing the footage depicted in this video. As the eyewitness began recording, the orbs moved westward together above a nearby tree line. The witnesses described the orbs’ motion as silent and smooth, and as moving in tandem as though they were flying in formation or tethered together. As the orbs moved out of sight, both eyewitnesses saw them appear to merge. The eyewitnesses estimated that the orbs moved from their initial position before disappearing from view at an estimated distance of 75 yards. This observation occurred within 25 miles of the “Triangle Orbs,” “Red Orb Rotation,” and “Orbs Over the Pond,” sightings at a location well known to them, which is sparsely populated.    The description above is derived from statements provided to the Federal Bureau of Investigation (FBI) by eyewitnesses to the event. The FBI assesses the individuals who reported this event as credible. The subject matter described in files FBI-UAP-D009 through FBI-UAP-D010 and depicted in the video footage FBI-UAP-PR004 corresponds to reports originating from the same general area in the northeastern United States.",FBI-UAP-PR004_Northeastern_Orb_Sighting_2025.mp4,https://d34w7g4gy10iej.cloudfront.net/video/2606/DOD_111764177/DOD_111764177.mp4,25869129,https://www.dvidshub.net/video/1010269
"FBI-UAP-PR001, “Triangle Orbs,” Northeastern United States, 2021",03,,"In November 2021, at approximately 0500 local time in the northeastern United States, an  eyewitness observed a bright light source near the horizon at an estimated distance of  2,000 feet. The light source initially appeared as a single intense luminous object before resolving into multiple lights exhibiting erratic rotational motion relative to one another. The object slowly moved laterally from left to right during the encounter. The eyewitness captured the video with a hand-held iPhone 12 Pro, resulting in unintended camera movement. The location was well known to the eyewitness and is sparsely populated.     The description above is derived from statements provided to the Federal Bureau of Investigation (FBI) by the eyewitness to the event. The FBI assesses the individual who reported this event as highly credible. The subject matter described in files FBI-UAP-D004 through FBI-UAP-D008 and depicted in the video footage FBI-UAP-PR001 through FBI-UAP-PR003 corresponds to reports originating from the same general area in the northeastern United States.",FBI-UAP-PR001_Triangle_Orbs_Northeastern_United_States_2021.mp4,https://d34w7g4gy10iej.cloudfront.net/video/2606/DOD_111764142/DOD_111764142.mp4,81758206,https://www.dvidshub.net/video/1010263
"FBI-UAP-PR002, “Red Orb Rotation,” Northeastern United States, 2022",03,,"In March 2022, at approximately 1920 local time in the northeastern United States, an eyewitness observed two bright red luminous light sources hovering near the horizon at an estimated distance of 2,500 feet. Both luminous objects maintained generally stationary positions throughout the encounter. The lower light source appeared to rotate slowly relative to the upper light source, moving from an apparent 6 o’clock position to slightly beyond the apparent 9 o’clock position. The eyewitness did not hear any sounds from the light sources. The eyewitness captured this video using an iPhone 12 Pro at a location well known to them, which is sparsely populated.     The description above is derived from statements provided to the Federal Bureau of Investigation (FBI) by an eyewitness to the event. The FBI assesses the individual who reported this event as highly credible. The subject matter described in files FBI-UAP-D004 through FBI-UAP-D008 and depicted in the video footage FBI-UAP-PR001 through FBI-UAP-PR003 corresponds to reports originating from the same general area in the northeastern United States.",FBI-UAP-PR002_Red_Orb_Rotation_Northeastern_United_States_2022.mp4,https://d34w7g4gy10iej.cloudfront.net/video/2606/DOD_111764148/DOD_111764148.mp4,143319259,https://www.dvidshub.net/video/1010264
"FBI-UAP-PR005, Digital Recreation, Narrative Statement 3-1, Western United States Event, 2023",03,,"This video is an artistic interpretation of a reported incident near a sensitive national security site in the western United States involving unidentified anomalous phenomena (UAP) over a period of two days in October 2023. This digital recreation is based upon a first-hand description provided by a federal law enforcement special agent, as described in DOW-UAP-D081. The Federal Bureau of Investigation prepared this digital recreation at the request of the Department of War in 2026",FBI-UAP-PR005_Digital_Recreation_Narrative_Statement_3-1_Western_United_States_Event_2023.mp4,https://d34w7g4gy10iej.cloudfront.net/video/2606/DOD_111764189/DOD_111764189.mp4,2785289,https://www.dvidshub.net/video/1010272
"FBI-UAP-PR006, Digital Recreation, Narrative Statement 3-2, Western United States Event, 2023",03,,"This video is an artistic interpretation of a reported incident near a sensitive national security site in the western United States involving unidentified anomalous phenomena (UAP) over a period of two days in October 2023. This digital recreation is based upon a first-hand description provided by a federal law enforcement special agent, as described in DOW-UAP-D081. The Federal Bureau of Investigation prepared this digital recreation at the request of the Department of War in 2026",FBI-UAP-PR006_Digital_Recreation_Narrative_Statement_3-2_Western_United_States_Event_2023.mp4,https://d34w7g4gy10iej.cloudfront.net/video/2606/DOD_111764213/DOD_111764213.mp4,3652793,https://www.dvidshub.net/video/1010276
"NASA-UAP-D023, Interview Excerpt with Astronaut Gordon Cooper, 1962",03,,"In November 1962, journalist Walter Cronkite interviewed astronaut Gordon Cooper. In this excerpt from that interview, Cronkite asks Cooper about his views regarding the nature of unidentified flying objects, having previously expressed an interest in the subject. Cooper opines that “a large number of exceptionally well-qualified people have seen objects” without a “logical explanation” and speculates on the existence of other planets with “a livable atmosphere” and that maybe there are “some type of human life” out there. Interview was conducted in November 1962.",NASA-UAP-D023_Interview_Excerpt_with_Astronaut_Gordon_Cooper_1962.mp4,https://d34w7g4gy10iej.cloudfront.net/video/2606/DOD_111764959/DOD_111764959.mp4,71485397,https://www.dvidshub.net/video/1010337
"NASA-UAP-D024, “Apollo 16 Scientific Debriefing”",03,,"This debriefing includes presentations from principal investigators of various Apollo experiments. The principal investigators describe preliminary results of their work to educate the Apollo crews about what they’ve obtained from Apollo 16 to help prepare for Apollo 17. They also describe anomalies, such as a “flash” that was observed that had not yet been reported. The flash is mentioned beginning at 25:15.",NASA-UAP-D024_Apollo_16_Scientific_Debriefing.mp4,https://d34w7g4gy10iej.cloudfront.net/video/2606/DOD_111764796/DOD_111764796.mp4,3203457323,https://www.dvidshub.net/video/1010319
"NASA-UAP-D025, “Apollo 16 Scientific Debriefing”",03,,"At 32:41, the speaker makes an off-handed comment, “Could be an alien starbase or something, I don’t know” when discussing correlations between experimental data sets.",NASA-UAP-D025_Apollo_16_Scientific_Debriefing.mp4,https://d34w7g4gy10iej.cloudfront.net/video/2606/DOD_111764902/DOD_111764902.mp4,1276096477,https://www.dvidshub.net/video/1010336
"DOW-UAP-PR104, Unresolved UAP Report, Yellow Sea, 2025",04,yes,"The United States Indo-Pacific Command submitted a report of an unidentified anomalous phenomenon to the All-domain Anomaly Resolution Office (AARO) consisting of 18 seconds of video footage from an infrared sensor aboard a U.S. military platform in 2025.  Video Description:  00:01-00:15: The sensor pans to track an area of contrast resembling a six-pointed star, keeping it generally centered within the center of the screen.  This video description is provided for informational purposes only. Readers should not interpret any part of this description as reflecting an analytical judgment, investigative conclusion, or factual determination regarding the described event’s validity, nature, or significance.",DOD_111830027.mp4,https://d34w7g4gy10iej.cloudfront.net/video/2607/DOD_111830027/DOD_111830027.mp4,7959105,1014101
"DOW-UAP-PR105, Unresolved UAP Report, East China Sea, 2025",04,yes,"The United States Indo-Pacific Command submitted a report of an unidentified anomalous phenomenon to the All-domain Anomaly Resolution Office (AARO) consisting of 5 minutes of video footage from an infrared sensor aboard a U.S. military platform in 2025.  Video Description:  00:01-00:14: The sensor pans to track an area of contrast, keeping it generally centered within the center of the frame. 00:15-00:19: The sensor adjusts, and the image is momentarily overlaid with black rectangular areas. 00:20-1:34: The sensor pans to track an area of contrast, keeping it generally centered within the center of the frame. Portions of the area of contrast intermittently lose distinctiveness against the background throughout this segment. 01:35-02:05: The sensor zooms in, panning from right to left to track the area of contrast. The area of contrast exits the scene from the right edge of the frame several times.  02:06-04:59: The sensor zooms out and in several times, and pans the field-of-view against the background. No content.  This video description is provided for informational purposes only. Readers should not interpret any part of this description as reflecting an analytical judgment, investigative conclusion, or factual determination regarding the described event’s validity, nature, or significance.",DOD_111830030.mp4,https://d34w7g4gy10iej.cloudfront.net/video/2607/DOD_111830030/DOD_111830030.mp4,152678024,1014103
"DOW-UAP-PR113, Unresolved UAP Report, Western United States, 1996",04,yes,"The United States Navy Unidentified Anomalous Phenomena Task Force (UAPTF) transferred this media to the All-domain Anomaly Resolution Office (AARO) in 2022. The video contains 2 minutes and 57 seconds of footage likely captured by an infrared sensor aboard a U.S. military platform in 1996.  Video Description: No formal data handling practices for UAP-related records existed at the time this media was reported to the UAPTF. This media was digitally altered before being reported to the UAPTF, and is presented as it was received by AARO. 00:01-00:13: No content. 00:14-00:17: An area of contrast transits the sensor field-of-view, entering near the upper right corner and exiting near the lower left corner of the frame. 00:18-01:21: The footage repeats frame-by-frame. 01:22-02:13: The footage repeats at a slower playback speed. 02:14-02:56: The footage holds on a frame extracted from the first 17 seconds of the video.  This video description is provided for informational purposes only. Readers should not interpret any part of this description as reflecting an analytical judgment, investigative conclusion, or factual determination regarding the described event’s validity, nature, or significance.",DOD_111830133.mp4,https://d34w7g4gy10iej.cloudfront.net/video/2607/DOD_111830133/DOD_111830133.mp4,67179987,1014119
"DOW-UAP-PR115, Unresolved UAP Report, Gulf of America, 2019",04,yes,"The United States Air Force submitted a report of an unidentified anomalous phenomenon to the All-domain Anomaly Resolution Office (AARO) consisting of 8 seconds of video footage from an infrared sensor aboard a U.S. military platform in 2019.  00:01-00:02: An area of contrast is visible near the center of the sensor field-of-view, partially obscured by visual elements of the heads-up display. 00:03-00:06: The sensor zooms and pans to track the area of contrast, which visually flickers in the display. 00:07-00:08: No content.  This video description is provided for informational purposes only. Readers should not interpret any part of this description as reflecting an analytical judgment, investigative conclusion, or factual determination regarding the described event’s validity, nature, or significance.  AARO Comment: Infrared sensor systems capture information within a specific range of electromagnetic wavelengths. When a tracked source’s temperature is similar to that of the surrounding environment, it can visually blend into the background or appear to flicker due to dynamic contrast adjustments applied by the system’s auto-gain control filters.",DOD_111830147.mp4,https://d34w7g4gy10iej.cloudfront.net/video/2607/DOD_111830147/DOD_111830147.mp4,10884920,1014123
"DOW-UAP-PR024, Unresolved UAP Report, Middle East, 2023",04,,"The United States Central Command submitted a report of an unidentified anomalous phenomenon to the All-domain Anomaly Resolution Office (AARO) consisting of 18 seconds of video footage from an infrared sensor aboard a U.S. military platform in 2023.  Video Description:  00:01: The sensor focuses on a dark area of contrast, narrowing the field of view to zoom in. 00:02: Two bright areas of contrast transit the frame from left to right. 00:03: The sensor zooms out, keeping the bright areas of contrast within the frame. 00:05: The bright areas of contrast exit the right side of the frame. 00:07: The sensor refocuses on the dark area of contrast, keeping it generally within the center of the frame.  00:10: A reticle surrounds the dark area of contrast, which continues to remain generally within the center of the frame. 00:17: The sensor changes contrast and zoom settings, causing the frame to flash white.  This video description is provided for informational purposes only. Readers should not interpret any part of this description as reflecting an analytical judgment, investigative conclusion, or factual determination regarding the described event’s validity, nature, or significance.",DOD_111830020.mp4,https://d34w7g4gy10iej.cloudfront.net/video/2607/DOD_111830020/DOD_111830020.mp4,4525982,1014100
"DOW-UAP-PR030, Unresolved UAP Report, Middle East, 2023",04,yes,"The United States Central Command submitted a report of an unidentified anomalous phenomenon to the All-domain Anomaly Resolution Office (AARO) consisting of 10 seconds of video footage from an infrared sensor aboard a U.S. military platform in 2023.  Video Description:  00:01-00:05: No content. 00:06-00:07: Two areas of contrast transit the sensor field-of-view. The first enters the field-of-view from the bottom right and exits from the top edge of the frame. The second, relatively smaller area of contrast enters from the top and exits the bottom of the frame. 00:08-00:10: No content.  This video description is provided for informational purposes only. Readers should not interpret any part of this description as reflecting an analytical judgment, investigative conclusion, or factual determination regarding the described event’s validity, nature, or significance.",DOD_111830028.mp4,https://d34w7g4gy10iej.cloudfront.net/video/2607/DOD_111830028/DOD_111830028.mp4,12522331,1014102
"DOW-UAP-PR100, Unresolved UAP Report, Yellow Sea, 2023",04,yes,"The United States Indo-Pacific Command submitted a report of an unidentified anomalous phenomenon to the All-domain Anomaly Resolution Office (AARO) consisting of 4 minutes and 57 seconds of video footage from an electro-optical and infrared sensor system aboard a U.S. military platform in 2023.  Video Description: The overall quality of this video footage progressively degrades over its runtime. 00:01-00:08: In infrared mode, the sensor tracks an area of contrast, keeping it generally within the center of the frame. 00:09-01:03: The sensor zooms in and tracks the area of contrast, holding it generally within the center of the frame. 01:04-01:10: The sensor display switches modes to an electro-optical day time television camera feed (a collection mode that displays visible and near infrared signatures). The video features a dark object superimposed against a blue background. 01:11-01:13: The sensor display changes modes to infrared. The area of contrast is no longer visible within the frame. 01:14-02:16: The sensor zooms in and changes contrast settings. An area of contrast is visible near the center of the frame. 02:17-02:22: The area of contrast repeatedly leaves and enters the sensor field-of-view. 02:23-02:46: The sensor reacquires and tracks the area of contrast, keeping it generally within the center of the frame. 02:47-03:27: The sensor zooms in, tracking the area of contrast. 03:28-03:32: The footage appears to “skip,” or lose coherence. 03:33-03:46: The footage returns to its previous state, and the sensor continues to track the area of contrast generally within the center of the frame. 03:47-04:32: The sensor zooms out. 04:33-04:40: The area of contrast repeatedly leaves and enters the sensor field-of-view. 04:41-04:45: No content.  This video description is provided for informational purposes only. Readers should not interpret any part of this description as reflecting an analytical judgment, investigative conclusion, or factual determination regarding the described event’s validity, nature, or significance.",DOD_111830004.mp4,https://d34w7g4gy10iej.cloudfront.net/video/2607/DOD_111830004/DOD_111830004.mp4,193631167,1014096
"DOW-UAP-PR101, Unresolved UAP Report, South China Sea, 2024",04,yes,"The United States Indo-Pacific Command submitted a report of an unidentified anomalous phenomenon to the All-domain Anomaly Resolution Office (AARO) consisting of 1 minute and 46 seconds of video footage from an infrared sensor aboard a U.S. military platform in 2024.  Video Description:  00:01-00:12: The sensor tracks an area of contrast, keeping it generally within the center of the frame. 00:13-00:28: The sensor zooms in and tracks an elongated area of contrast, keeping it generally to the left of the center of the frame. 00:29-00:33: The sensor zooms in again. The area of contrast appears as a “line” of several areas of contrast moving across the sensor field-of-view from the bottom right to the top left. 00:34-01:44: The sensor pans to track the areas of contrast for approximately 1 minute. They become less distinct over time as their distance from the sensor increases.   This video description is provided for informational purposes only. Readers should not interpret any part of this description as reflecting an analytical judgment, investigative conclusion, or factual determination regarding the described event’s validity, nature, or significance.",DOD_111830007.mp4,https://d34w7g4gy10iej.cloudfront.net/video/2607/DOD_111830007/DOD_111830007.mp4,48801621,1014097
"DOW-UAP-PR102, Unresolved UAP Report, East China Sea, 2024",04,yes,"The United States Indo-Pacific Command submitted a report of an unidentified anomalous phenomenon to the All-domain Anomaly Resolution Office (AARO) consisting of 36 seconds of video footage from an infrared sensor aboard a U.S. military platform in 2024.  Video Description:  00:01-00:20: The sensor tracks an area of contrast, keeping it generally within the center of the frame. 00:21-00:29: The area of contrast exits the sensor field-of-view at the top of the frame. 00:30-00:36: The sensor zooms out and in several times. No content  This video description is provided for informational purposes only. Readers should not interpret any part of this description as reflecting an analytical judgment, investigative conclusion, or factual determination regarding the described event’s validity, nature, or significance.",DOD_111830012.mp4,https://d34w7g4gy10iej.cloudfront.net/video/2607/DOD_111830012/DOD_111830012.mp4,17011795,1014098
"DOW-UAP-PR103, Unresolved UAP Report, East China Sea, 2024",04,yes,"The United States Indo-Pacific Command submitted a report of an unidentified anomalous phenomenon to the All-domain Anomaly Resolution Office (AARO) consisting of 1 minute and 16 seconds of video footage from an infrared sensor aboard a U.S. military platform in 2024.  Video Description:  00:01-01:16: The sensor pans to track an area of contrast, keeping it generally within the center of the frame. 00:12-01:16: An auto-tracking reticle surrounds the area of contrast. The sensor tracks the area of contrast, keeping it generally within the center of the frame.  This video description is provided for informational purposes only. Readers should not interpret any part of this description as reflecting an analytical judgment, investigative conclusion, or factual determination regarding the described event’s validity, nature, or significance.",DOD_111830015.mp4,https://d34w7g4gy10iej.cloudfront.net/video/2607/DOD_111830015/DOD_111830015.mp4,11599991,1014099
"DOW-UAP-PR106, Unresolved UAP Report, Eastern United States, 2020",04,,"The United States Northern Command submitted a report of an unidentified anomalous phenomenon to the All-domain Anomaly Resolution Office (AARO) consisting of 11 seconds of video footage from an infrared sensor aboard a U.S. military platform in 2020. An accompanying Range Fouler Debrief, DOW-UAP-D089, describes the phenomenon as “quite small” and as “continu[ing] in a constant direction.” The report characterizes the shape of the phenomenon as “indistinguishable,” with a metallic appearance and reflective underside.  Video Description: This media was digitally altered before being reported to AARO, and is presented as received. 00:01-00:01: An area of contrast is visible above the center of the frame.  00:02-00:04: The sensor switches modes, causing the area of contrast to rapidly move about within the field-of-view. The area of contrast leaves the sensor field-of-view from the top of the frame.  This video description is provided for informational purposes only. Readers should not interpret any part of this description as reflecting an analytical judgment, investigative conclusion, or factual determination regarding the described event’s validity, nature, or significance.",DOD_111830034.mp4,https://d34w7g4gy10iej.cloudfront.net/video/2607/DOD_111830034/DOD_111830034.mp4,2928948,1014104
"DOW-UAP-PR107, Unresolved UAP Report, Eastern United States, 2020",04,yes,"The United States Northern Command submitted a report of an unidentified anomalous phenomenon to the All-domain Anomaly Resolution Office (AARO) consisting of 28 seconds of video footage from an infrared sensor aboard a U.S. military platform in 2020.  Video Description: 00:01-00:02: No content. 00:03-00:11: An area on contrast enters the sensor field-of-view from the top right of the frame. The sensor pans to track the area of contrast, which repeatedly leaves and re-enters the sensor field-of-view. 00:12-00:16: The sensor zooms out and in. 00:17-00:23: The sensor pans to track the area of contrast, which repeatedly leaves and re-enters the sensor field-of-view.  This video description is provided for informational purposes only. Readers should not interpret any part of this description as reflecting an analytical judgment, investigative conclusion, or factual determination regarding the described event’s validity, nature, or significance.",DOD_111830041.mp4,https://d34w7g4gy10iej.cloudfront.net/video/2607/DOD_111830041/DOD_111830041.mp4,10305290,1014105
"DOW-UAP-PR108, Unresolved UAP Report, Western United States, 2020",04,,"The United States Northern Command submitted a report of an unidentified anomalous phenomenon to the All-domain Anomaly Resolution Office (AARO) consisting of 2 minutes and 16 seconds of video footage from an infrared sensor aboard a U.S. military platform in 2020.  Video Description:  00:01-00:15: No content. 00:16-00:19: The footage flashes between normal operation and a black screen several times as the sensor changes display modes. 00:20-00:27: No content. 00:28-00:33: The sensor zooms in and pans to track an area of contrast, keeping it generally within the center of the frame. 00:34-00:57: An auto-tracking reticle surrounds the area of contrast as the sensor continues to track it against the background. 00:58-01:10: The sensor adjusts its zoom level and contrast settings several times. 01:11-01:34: The area of contrast leaves the sensor field-of-view to the left of the frame. The sensor adjusts its zoom level and contrast settings several times. No content.  This video description is provided for informational purposes only. Readers should not interpret any part of this description as reflecting an analytical judgment, investigative conclusion, or factual determination regarding the described event’s validity, nature, or significance.",DOD_111830058.mp4,https://d34w7g4gy10iej.cloudfront.net/video/2607/DOD_111830058/DOD_111830058.mp4,22891490,1014106
"DOW-UAP-PR109, Unresolved UAP Report, Eastern United States, 2015",04,,"The United States Navy Unidentified Anomalous Phenomena Task Force (UAPTF) transferred this media to the All-domain Anomaly Resolution Office (AARO) in 2022. The video contains 21 seconds of footage likely captured by an infrared sensor aboard a U.S. military platform in 2015.  Video Description: No formal data handling practices for UAP-related records existed at the time this media was reported to the UAPTF. This media was digitally altered before being reported to the UAPTF, and is presented as it was received by AARO. 00:01-00:08: No content. 00:09-00:11: An area of contrast becomes visible near the center of the screen, The area of contrast transits the sensor field-of-view, moving from right to left before exiting from upper left corner of the frame. 00:12-00:21: The footage repeats at a slower playback speed.  This video description is provided for informational purposes only. Readers should not interpret any part of this description as reflecting an analytical judgment, investigative conclusion, or factual determination regarding the described event’s validity, nature, or significance.",DOD_111830065.mp4,https://d34w7g4gy10iej.cloudfront.net/video/2607/DOD_111830065/DOD_111830065.mp4,6287692,1014108
"DOW-UAP-PR110, Unresolved UAP Report, Eastern United States, 2020",04,,"The United States Northern Command submitted a report of an unidentified anomalous phenomenon to the All-domain Anomaly Resolution Office (AARO) consisting of 27 seconds of video footage from an infrared sensor aboard a U.S. military platform in 2020.  Video Description: 00:01-00:02: No content. 00:03-00:10: An area of contrast become visible to the right of the center of the frame. The sensor pans to track the area of contrast, causing it to appear to move about the field-of-view. 00:11-00:19: An auto-tracking reticle surrounds the area of contrast. The area of contrast gradually increases in angular size. 00:20-00:22: The area of contrast exits the sensor field-of-view to the right side of the frame.  This video description is provided for informational purposes only. Readers should not interpret any part of this description as reflecting an analytical judgment, investigative conclusion, or factual determination regarding the described event’s validity, nature, or significance.",DOD_111830075.mp4,https://d34w7g4gy10iej.cloudfront.net/video/2607/DOD_111830075/DOD_111830075.mp4,7089077,1014112
"DOW-UAP-PR111, Unresolved UAP Report, Eastern United States, 2020",04,yes,"The United States Northern Command submitted a report of an unidentified anomalous phenomenon to the All-domain Anomaly Resolution Office (AARO) consisting of 1 minute of video footage from an infrared sensor aboard a U.S. military platform in 2020.  Video Description: 00:01-00:21: Several small areas of contrast enter and leave the sensor field-of-view as the sensor pans across the background scene. 00:22-00:41: An auto-tracking reticle surrounds an area of contrast, and the sensor pans to keep it generally within the center of the frame. Several other areas of contrast periodically enter and exit the frame. 00:42-00:49: The sensor zooms out. 00:50-01:00: The area of contrast is no longer visible within the frame. The sensor display flickers between a black screen and normal function as it cycles contrast modes. No content.  This video description is provided for informational purposes only. Readers should not interpret any part of this description as reflecting an analytical judgment, investigative conclusion, or factual determination regarding the described event’s validity, nature, or significance.",DOD_111830080.mp4,https://d34w7g4gy10iej.cloudfront.net/video/2607/DOD_111830080/DOD_111830080.mp4,17338968,1014114
"DOW-UAP-PR112, Unresolved UAP Report, Eastern United States, 2019",04,yes,"The United States Navy submitted a report of an unidentified anomalous phenomenon to the All-domain Anomaly Resolution Office (AARO) consisting of 20 seconds of video footage from an infrared sensor aboard a civilian aircraft in 2019. An accompanying Range Fouler Debrief, DOW-UAP-D090, describes the phenomenon as exhibiting “flight characteristics unlike anything [the observer] had seen in 28 years [of service] for the U.S. Air Force and U.S. Navy. The report characterizes the phenomenon as “small” and “travelling in a straight line [in the] opposite direction at high speed.”  Video Description:  00:01-00:011: An area of contrast is visible near the center of the screen. 00:12-00:014: The sensor changes its level of zoom and display mode, flashing white before returning to normal function. The area of contrast exits the sensor field-of-view to the left side of the frame. 00:15-00:20: The sensor changes settings, causing the screen to flash white. No content.  This video description is provided for informational purposes only. Readers should not interpret any part of this description as reflecting an analytical judgment, investigative conclusion, or factual determination regarding the described event’s validity, nature, or significance.",DOD_111830201.mp4,https://d34w7g4gy10iej.cloudfront.net/video/2607/DOD_111830201/DOD_111830201.mp4,24042398,1014128
"DOW-UAP-PR114, Unresolved UAP Report, Atlantic Ocean, 2016",04,yes,"The United States Northern Command submitted a report of an unidentified anomalous phenomenon to the All-domain Anomaly Resolution Office (AARO) consisting of 39 seconds of video footage from an infrared sensor aboard a U.S. military platform in 2016.  Video Description:  00:01-00:11: The sensor zooms in and out to track on an area of contrast, panning to keep it generally within the center of the frame. 00:12-00:29: The sensor switches modes. A white reticle surrounds the area of contrast. 00:30-00:36: The sensor stops tracking the object, causing it to exit the right side of the frame. 00:37-00:38: An area of contrast enters the sensor field-of-view from the right side of the frame.  This video description is provided for informational purposes only. Readers should not interpret any part of this description as reflecting an analytical judgment, investigative conclusion, or factual determination regarding the described event’s validity, nature, or significance.",DOD_111830143.mp4,https://d34w7g4gy10iej.cloudfront.net/video/2607/DOD_111830143/DOD_111830143.mp4,6692699,1014121
"DOW-UAP-PR116, Unresolved UAP Report, Atlantic Ocean, 2020",04,yes,"The United States Northern Command submitted a report of an unidentified anomalous phenomenon to the All-domain Anomaly Resolution Office (AARO) consisting of 32 seconds of video footage from an infrared sensor aboard a U.S. military platform in 2020. An accompanying Range Fouler Debrief, DOW-UAP-D091, describes the phenomenon as “darker, maroonish color, approximately 12-15 feet in height.” The report describes the phenomenon “travel[ing] with the wind” and noted that it did not “maneuver or change direction.” It also describes the phenomenon as appearing similar to a “large, somewhat deformed balloon.”  Video Description: 00:01-00:32: The sensor zooms and pans to keep an area of contrast generally within the center of the frame.  This video description is provided for informational purposes only. Readers should not interpret any part of this description as reflecting an analytical judgment, investigative conclusion, or factual determination regarding the described event’s validity, nature, or significance.",DOD_111830151.mp4,https://d34w7g4gy10iej.cloudfront.net/video/2607/DOD_111830151/DOD_111830151.mp4,24274081,1014124
"DOW-UAP-PR117, Unresolved UAP Report, Gulf of Oman, 2021",05,,"The United States Central Command submitted a report of an unidentified anomalous phenomenon to the All-domain Anomaly Resolution Office (AARO) consisting of 16 seconds of video footage. This footage is a secondary capture, recorded via a cellular device, of an infrared sensor display aboard a U.S. Special Operations Forces AC-130J Gunship. This footage does not represent native primary sensor data, and the secondary recording method introduces limitations in fidelity, resolution, and overall visual quality. Artifacts inherent to filming a screen, such as blurring or flickering, may be present. The footage contained within DOW-UAP-PR117 through DOW-UAP-PR122 was captured contemporaneously. An accompanying Intelligence Information Report, DOW-UAP-D101, describes the phenomena as “cold orbs” approximately four feet in diameter.   Video description:  00:00-00:16: An area of contrast remains generally within the center of the sensor field-of-view.   This video description is provided for informational purposes only. Readers should not interpret any part of this description as reflecting an analytical judgment, investigative conclusion, or factual determination regarding the described event’s validity, nature, or significance.",DOD_111887401.mp4,https://d34w7g4gy10iej.cloudfront.net/video/2608/DOD_111887401/DOD_111887401.mp4,20921441,1017793
"DOW-UAP-PR118, Unresolved UAP Report, Gulf of Oman, 2021",05,,"The United States Central Command submitted a report of an unidentified anomalous phenomenon to the All-domain Anomaly Resolution Office (AARO) consisting of 30 seconds of video footage. This footage is a secondary capture, recorded via a cellular device, of an infrared sensor display aboard a U.S. Special Operations Forces AC-130J Gunship. This footage does not represent native primary sensor data, and the secondary recording method introduces limitations in fidelity, resolution, and overall visual quality. Artifacts inherent to filming a screen, such as blurring or flickering, may be present. The footage contained within DOW-UAP-PR117 through DOW-UAP-PR122 was captured contemporaneously. An accompanying Intelligence Information Report, DOW-UAP-D101, describes the phenomena as “cold orbs” approximately four feet in diameter.  Video description:   00:00-00:30: An area of contrast remains generally within the center of the sensor field-of-view, momentarily exiting the bottom of the frame.  This video description is provided for informational purposes only. Readers should not interpret any part of this description as reflecting an analytical judgment, investigative conclusion, or factual determination regarding the described event’s validity, nature, or significance.",DOD_111887407.mp4,https://d34w7g4gy10iej.cloudfront.net/video/2608/DOD_111887407/DOD_111887407.mp4,24285664,1017795
"DOW-UAP-PR119, Unresolved UAP Report, Gulf of Oman, 2021",05,,"The United States Central Command submitted a report of an unidentified anomalous phenomenon to the All-domain Anomaly Resolution Office (AARO) consisting of two seconds of video footage. This footage is a secondary capture, recorded via a cellular device, of an infrared sensor display aboard a U.S. Special Operations Forces AC-130J Gunship. This footage does not represent native primary sensor data, and the secondary recording method introduces limitations in fidelity, resolution, and overall visual quality. Artifacts inherent to filming a screen, such as blurring or flickering, may be present. The footage contained within DOW-UAP-PR117 through DOW-UAP-PR122 was captured contemporaneously. An accompanying Intelligence Information Report, DOW-UAP-D101, describes the phenomena as “cold orbs” approximately four feet in diameter.  Video description:   00:00-00:02: An area of contrast remains generally within the center of the sensor field-of-view.   This video description is provided for informational purposes only. Readers should not interpret any part of this description as reflecting an analytical judgment, investigative conclusion, or factual determination regarding the described event’s validity, nature, or significance.",DOD_111887421.mp4,https://d34w7g4gy10iej.cloudfront.net/video/2608/DOD_111887421/DOD_111887421.mp4,2137188,1017798
"DOW-UAP-PR120, Unresolved UAP Report, Gulf of Oman, 2021",05,,"The United States Central Command submitted a report of an unidentified anomalous phenomenon to the All-domain Anomaly Resolution Office (AARO) consisting of 13 seconds of video footage. This footage is a secondary capture, recorded via a cellular device, of an infrared sensor display aboard a U.S. Special Operations Forces AC-130J Gunship. This footage does not represent native primary sensor data, and the secondary recording method introduces limitations in fidelity, resolution, and overall visual quality. Artifacts inherent to filming a screen, such as blurring or flickering, may be present. The footage contained within DOW-UAP-PR117 through DOW-UAP-PR122 was captured contemporaneously. An accompanying Intelligence Information Report, DOW-UAP-D101, describes the phenomena as “cold orbs” approximately four feet in diameter.  Video description:   00:00-00:08: An area of contrast remains generally within the center of the sensor field-of-view. Visual elements of the sensor display enter and exit the frame throughout the duration of the video.  00:08-00:13: The sensor changes modalities twice and the area of contrast loses distinctiveness against the background.   This video description is provided for informational purposes only. Readers should not interpret any part of this description as reflecting an analytical judgment, investigative conclusion, or factual determination regarding the described event’s validity, nature, or significance.",DOD_111887427.mp4,https://d34w7g4gy10iej.cloudfront.net/video/2608/DOD_111887427/DOD_111887427.mp4,10309926,1017800
"DOW-UAP-PR121, Unresolved UAP Report, Gulf of Oman, 2021",05,,"The United States Central Command submitted a report of an unidentified anomalous phenomenon to the All-domain Anomaly Resolution Office (AARO) consisting of 34 seconds of video footage. This footage is a secondary capture, recorded via a cellular device, of an infrared sensor display aboard a U.S. Special Operations Forces AC-130J Gunship. This footage does not represent native primary sensor data, and the secondary recording method introduces limitations in fidelity, resolution, and overall visual quality. Artifacts inherent to filming a screen, such as blurring or flickering, may be present. The footage contained within DOW-UAP-PR117 through DOW-UAP-PR122 was captured contemporaneously. An accompanying Intelligence Information Report, DOW-UAP-D101, describes the phenomena as “cold orbs” approximately four feet in diameter.  Video description:  00:00-00:12: An area of contrast remains generally within the center of the sensor field-of-view. Visual elements of the sensor display enter and exit the frame throughout the duration of the video.  00:13-00:18: A relatively larger area of contrast transits from the bottom of the frame to the top of the sensor’s field-of-view, then re-enters from the top left to the bottom left of the frame. The relatively smaller area of contrast exits the bottom of the frame, and re-enters from the upper-right quarter of the frame.  00:19-00:34: The sensor adjusts, and an area of contrast enters the sensor field-of-view from the top of the frame, and remains generally within the center of the frame.  AARO Comment: This video footage significantly overlaps in content with DOW-UAP-PR122.   This video description is provided for informational purposes only. Readers should not interpret any part of this description as reflecting an analytical judgment, investigative conclusion, or factual determination regarding the described event’s validity, nature, or significance.",DOD_111887439.mp4,https://d34w7g4gy10iej.cloudfront.net/video/2608/DOD_111887439/DOD_111887439.mp4,23888704,1017802
"DOW-UAP-PR122, Unresolved UAP Report, Gulf of Oman, 2021",05,,"The United States Central Command submitted a report of an unidentified anomalous phenomenon to the All-domain Anomaly Resolution Office (AARO) consisting of 26 seconds of video footage. This footage is a secondary capture, recorded via a cellular device, of an infrared sensor display aboard a U.S. Special Operations Forces AC-130J Gunship. This footage does not represent native primary sensor data, and the secondary recording method introduces limitations in fidelity, resolution, and overall visual quality. Artifacts inherent to filming a screen, such as blurring or flickering, may be present. The footage contained within DOW-UAP-PR117 through DOW-UAP-PR122 was captured contemporaneously. An accompanying Intelligence Information Report, DOW-UAP-D101, describes the phenomena as “cold orbs” approximately four feet in diameter.  Video description:   00:00-00:05: An area of contrast remains generally within the center of the sensor field-of-view. Visual elements of the sensor display enter and exit the frame throughout the duration of the video.  00:06-00:07: A relatively larger area of contrast transits from the bottom of the frame to the top of the sensor’s field-of-view, then re-enters from the top left to the bottom left of the frame. The relatively smaller area of contrast exits the bottom of the frame, and re-enters from the upper-right quarter of the frame.  00:08-00:26: The sensor adjusts, and an area of contrast enters the sensor field-of-view from the top of the frame, and remains generally within the center of the frame.  AARO Comment: This video footage significantly overlaps in content with DOW-UAP-PR121.   This video description is provided for informational purposes only. Readers should not interpret any part of this description as reflecting an analytical judgment, investigative conclusion, or factual determination regarding the described event’s validity, nature, or significance.",DOD_111887446.mp4,https://d34w7g4gy10iej.cloudfront.net/video/2608/DOD_111887446/DOD_111887446.mp4,16655319,1017803
"DOW-UAP-PR123, Unresolved UAP Report, Pacific Ocean, 2019",05,,"The United States Navy Unidentified Anomalous Phenomena Task Force (UAPTF) transferred this media to the All-domain Anomaly Resolution Office (AARO) in 2022. The video contains 1 minute and 4 seconds of footage. This footage is a secondary capture, recorded via a hand-held recording device, of an infrared sensor display aboard a U.S. military platform. This footage does not represent native primary sensor data, and the secondary recording method introduces limitations in fidelity, resolution, and overall visual quality. Artifacts inherent to filming a screen, such as blurring or flickering, may be present. The footage contained within DOW-UAP-PR123 through DOW-UAP-PR127 was captured contemporaneously. This media was digitally altered before being reported to AARO, and is presented as it was received.  Video description:   00:00-00:03: An area of contrast is visible near the center of the frame.   00:04-00:07: The area of contrast loses distinctiveness against the background.  00:08-00:25: An area of contrast becomes visible near the center of the frame. The sensor pans and zooms in to focus on the area of contrast, keeping it generally within the center of the frame.    00:25-01:04: The area of contrast remains generally centered within the sensor field-of-view.   This video description is provided for informational purposes only. Readers should not interpret any part of this description as reflecting an analytical judgment, investigative conclusion, or factual determination regarding the described event’s validity, nature, or significance.",DOD_111887456.mp4,https://d34w7g4gy10iej.cloudfront.net/video/2608/DOD_111887456/DOD_111887456.mp4,44374313,1017805
"DOW-UAP-PR124, Unresolved UAP Report, Pacific Ocean, 2019",05,,"The United States Navy Unidentified Anomalous Phenomena Task Force (UAPTF) transferred this media to the All-domain Anomaly Resolution Office (AARO) in 2022. The video contains 53 seconds of footage. This footage is a secondary capture, recorded via a hand-held recording device, of an infrared sensor display aboard a U.S. military platform. This footage does not represent native primary sensor data, and the secondary recording method introduces limitations in fidelity, resolution, and overall visual quality. Artifacts inherent to filming a screen, such as blurring or flickering, may be present. The footage contained within DOW-UAP-PR123 through DOW-UAP-PR127 was captured contemporaneously. This media was digitally altered before being reported to AARO, and is presented as it was received.  Video description:   00:00-00:01: An area of contrast remains generally centered within the sensor field-of-view.   00:02-00:29: The sensor zooms in on the area of contrast.  00:30-00:53: The area of contrast loses distinctiveness against the background.  This video description is provided for informational purposes only. Readers should not interpret any part of this description as reflecting an analytical judgment, investigative conclusion, or factual determination regarding the described event’s validity, nature, or significance.",DOD_111887460.mp4,https://d34w7g4gy10iej.cloudfront.net/video/2608/DOD_111887460/DOD_111887460.mp4,64220001,1017806
"DOW-UAP-PR125, Unresolved UAP Report, Pacific Ocean, 2019",05,,"The United States Navy Unidentified Anomalous Phenomena Task Force (UAPTF) transferred this media to the All-domain Anomaly Resolution Office (AARO) in 2022. The video contains 28 seconds of footage. This footage is a secondary capture, recorded via a hand-held recording device, of an infrared sensor display aboard a U.S. military platform. This footage does not represent native primary sensor data, and the secondary recording method introduces limitations in fidelity, resolution, and overall visual quality. Artifacts inherent to filming a screen, such as blurring or flickering, may be present. The footage contained within DOW-UAP-PR123 through DOW-UAP-PR127 was captured contemporaneously. This media was digitally altered before being reported to AARO, and is presented as it was received.  Video description:   00:00-00:05: An area of contrast remains generally centered within the sensor field-of-view.   00:06-00:09: The area of contrast tracks left within the sensor field-of-view.   00:10-00:15: The area of contrast loses distinctiveness against the background.  00:16-00:22: An area of contrast appears in the sensor field-of-view. The sensor pans to track it, keeping it generally within the center of the frame.    00:23-00:28: The area of contrast remains generally centered within the sensor field-of-view.  This video description is provided for informational purposes only. Readers should not interpret any part of this description as reflecting an analytical judgment, investigative conclusion, or factual determination regarding the described event’s validity, nature, or significance.",DOD_111887376.mp4,https://d34w7g4gy10iej.cloudfront.net/video/2608/DOD_111887376/DOD_111887376.mp4,33432958,1017788
"DOW-UAP-PR126, Unresolved UAP Report, Pacific Ocean, 2019",05,,"The United States Navy Unidentified Anomalous Phenomena Task Force (UAPTF) transferred this media to the All-domain Anomaly Resolution Office (AARO) in 2022. The video contains 2 minutes and 32 seconds of footage captured via hand-held recording device by a U.S. military service member in 2019. Low-light conditions at the time of capture influence the overall visual quality of the footage. The footage contained within DOW-UAP-PR123 through DOW-UAP-PR127 was captured contemporaneously. This media was digitally altered before being reported to AARO, and is presented as it was received.  Video description:   00:00-00:08: The camera pans against the background, bringing two apparent light sources into frame from the top left corner. The recording device focuses on the light sources, keeping them generally within the center of the frame.  00:09-00:53: The camera pans against the background. As the camera pans, it repeatedly brings several apparent light sources into and out of the frame.   00:54-01:23: The sensor zooms in on the light source in the lower left quarter of the frame, focusing to bring it into the center of the field-of-view.   01:24-02:32: The sensor zooms out and continues to pan to track apparent light sources. As the camera pans, it repeatedly brings several apparent light sources into and out of the frame.  This video description is provided for informational purposes only. Readers should not interpret any part of this description as reflecting an analytical judgment, investigative conclusion, or factual determination regarding the described event’s validity, nature, or significance.",DOD_111887380.mp4,https://d34w7g4gy10iej.cloudfront.net/video/2608/DOD_111887380/DOD_111887380.mp4,89415992,1017790
"DOW-UAP-PR127, Unresolved UAP Report, Pacific Ocean, 2019",05,,"The United States Navy Unidentified Anomalous Phenomena Task Force (UAPTF) transferred this media to the All-domain Anomaly Resolution Office (AARO) in 2022. The video contains 2 minutes and 29 seconds of footage captured via a hand-held recording device by a U.S. military service member in 2019. Low-light conditions at the time of capture influence the overall visual quality of the footage. The footage contained within DOW-UAP-PR123 through DOW-UAP-PR127 was captured contemporaneously. This media was digitally altered before being reported to AARO, and is presented as it was received.   Video description:   00:00-00:17: The camera pans to track an apparent light source.  00:18-00:26: No content.  00:27-00:43: The camera pans to track an apparent light source.  00:44-00:47: No content.  00:47-00:49: The camera pans to track an apparent light source.  00:50-00:52: No content.  00:53-00:57: The camera pans to track an apparent light source.  00:57-01:02: No content.  01:02-02:28: The camera pans to track an apparent light source.  This video description is provided for informational purposes only. Readers should not interpret any part of this description as reflecting an analytical judgment, investigative conclusion, or factual determination regarding the described event’s validity, nature, or significance.",DOD_111887384.mp4,https://d34w7g4gy10iej.cloudfront.net/video/2608/DOD_111887384/DOD_111887384.mp4,84200638,1017791
"DOW-UAP-PR134, Unresolved UAP Report, Middle East, 2025",05,yes,"The United States Central Command submitted a report of an unidentified anomalous phenomenon to the All-domain Anomaly Resolution Office (AARO) consisting of 1 minute and 39 seconds of video footage from an electro-optical and infrared sensor aboard a U.S. military platform in 2025.  Video description:   00:00-01:39: The sensor pans to track an area of contrast from left to right across the background, keeping it generally centered within the frame. The sensor adjusts collection mode and level of magnification several times.  This video description is provided for informational purposes only. Readers should not interpret any part of this description as reflecting an analytical judgment, investigative conclusion, or factual determination regarding the described event’s validity, nature, or significance.",DOD_111887390.mp4,https://d34w7g4gy10iej.cloudfront.net/video/2608/DOD_111887390/DOD_111887390.mp4,52521786,1017792
"DOW-UAP-PR136, Unresolved UAP Report, Middle East, 2023",05,yes,"The United States Central Command submitted a report of an unidentified anomalous phenomenon to the All-domain Anomaly Resolution Office (AARO) consisting of 30 seconds of video footage from an infrared sensor aboard a U.S. military platform in 2023.  Video description:   00:00-00:08: The sensor pans to track an area of contrast, keeping it generally centered within the frame. The sensor is partially occluded by a component of the platform passing in front of it, obscuring the background.  00:09-00:33: The sensor zooms in on the area of contrast. A reticle briefly surrounds the area of contrast. The sensor is occluded by a component of the platform, obscuring the display.  This video description is provided for informational purposes only. Readers should not interpret any part of this description as reflecting an analytical judgment, investigative conclusion, or factual determination regarding the described event’s validity, nature, or significance.",DOD_111887413.mp4,https://d34w7g4gy10iej.cloudfront.net/video/2608/DOD_111887413/DOD_111887413.mp4,12254621,1017796
"DOW-UAP-PR142, Unresolved UAP Report, Middle East, 2025",05,yes,"The United States Central Command submitted a report of an unidentified anomalous phenomenon to the All-domain Anomaly Resolution Office (AARO) consisting of 14 seconds of video footage from an infrared sensor aboard a U.S. military platform in 2025.  Video description:   00:00-00:04: No content.  00:05-00:08: An area of contrast enters the sensor field-of-view from the left edge, transits from left to right, and exits the right edge of the frame.   00:09-00:14: No content.  This video description is provided for informational purposes only. Readers should not interpret any part of this description as reflecting an analytical judgment, investigative conclusion, or factual determination regarding the described event’s validity, nature, or significance.",DOD_111887419.mp4,https://d34w7g4gy10iej.cloudfront.net/video/2608/DOD_111887419/DOD_111887419.mp4,11181518,1017797
"DOW-UAP-PR149, Unresolved UAP Report, Middle East, 2023",05,yes,"The United States Central Command submitted a report of an unidentified anomalous phenomenon to the All-domain Anomaly Resolution Office (AARO) consisting of 51 seconds of video footage from an infrared sensor aboard a U.S. military platform in 2023.  Video description:   00:00-00:04: An area of contrast transits the frame from the bottom right edge to the lower left edge of the sensor field-of-view.  00:05-00:51: The sensor pans to track the area of contrast, keeping it generally within the center of the frame.  This video description is provided for informational purposes only. Readers should not interpret any part of this description as reflecting an analytical judgment, investigative conclusion, or factual determination regarding the described event’s validity, nature, or significance.",DOD_111887426.mp4,https://d34w7g4gy10iej.cloudfront.net/video/2608/DOD_111887426/DOD_111887426.mp4,55174849,1017799
"FBI-UAP-PR007, “Slow-moving Objects,” 2026",05,,"A U.S. Government Special Agent captured this video footage via hand-held optical thermal imaging device during a 2026 incident in the western United States, as described in FBI-UAP-D032. The footage features two, slow-moving “black-hot” areas of contrast, visible in infrared imaging.",DOD_111887430.mp4,https://d34w7g4gy10iej.cloudfront.net/video/2608/DOD_111887430/DOD_111887430.mp4,1235067,1017801
"DOW-UAP-PR159, Historical Film of Reported UFOs, Utah, 1952",06,,"This archival footage is a digitization of a 16mm print of Kodachrome color motion-picture film shot on a handheld Bell & Howell Auto Master camera near Tremonton, Utah, on July 2, 1952. U.S. Navy Chief Warrant Officer Delbert C. Newhouse reported observing and filming a group of bright airborne objects and shortly thereafter submitted the footage to the U.S. Air Force. The film later became one of the visual cases reviewed by Project Blue Book, the 1952–1969 U.S. Air Force program that investigated the nature and origin of unidentified flying objects (UFOs). The film’s limited detail and lack of fixed reference points prevented a conclusive resolution. From the 55-second mark onward, the film transitions to unrelated footage appearing to show a demonstration of sewing equipment. The presence of unrelated sewing-equipment footage suggests that the surviving footage may be a composite or reused print, though the available record does not establish how or when the materials came to be combined. As documented in records submitted with the film, contained in this collection under the title DOW-UAP-D102, the footage originally was paired with mountain scenery from Idaho, which is not preserved in this digitization.",DOD_111985807.mp4,https://d34w7g4gy10iej.cloudfront.net/video/2609/DOD_111985807/DOD_111985807.mp4,79818409,1023402
"LLE-UAP-PR001, Unresolved UAP Report, Colorado, 2023",06,yes,"A local law enforcement officer submitted a report of an unidentified anomalous phenomenon to the All-domain Anomaly Resolution Office consisting of 1 minute and 19 seconds of video footage from a commercially available cellular device’s rear-facing camera in October 2023. The reporting officer described the phenomenon as “silent” and as featuring “red, blue, and green flashing lights.”   Video Description: AARO digitally altered this footage by blurring the bottom half to obscure information whose release could be reasonably expected to affect the privacy or other protected interest of a U.S. person or commercial entity.   00:00-00:47: The camera pans to track an apparent light source, keeping it generally centered within the frame.   00:48-01:19: The camera increases and decreases its level of magnification several times and continues to pan to track the apparent light source.     AARO Comment: Cellular devices of the type used to capture this footage employ autofocus and other automated image-processing functions that may distort the apparent morphological and kinematic characteristics of distant subjects, particularly at high magnification.",DOD_111985834.mp4,https://d34w7g4gy10iej.cloudfront.net/video/2609/DOD_111985834/DOD_111985834.mp4,7383993,1023409
"LLE-UAP-PR002, Unresolved UAP Report, Colorado, October 2023",06,yes,"A local law enforcement officer submitted a report of an unidentified anomalous phenomenon to the All-domain Anomaly Resolution Office consisting of 15 minutes of video footage from a commercially available cellular device’s rear-facing camera in October 2023. The reporting officer described the phenomenon as “silent” and as featuring “red, blue, and green flashing lights.”   Video Description: AARO digitally altered this footage by blurring the bottom half to obscure information whose release could be reasonably expected to affect the privacy or other protected interest of a U.S. person or commercial entity.   00:00-15:00: The camera focuses on an apparent light source for the duration of the video, keeping it generally centered within the frame.   AARO Comment: Cellular devices of the type used to capture this footage employ autofocus and other automated image-processing functions that may distort the apparent morphological and kinematic characteristics of distant subjects, particularly at high magnification.",DOD_111985844.mp4,https://d34w7g4gy10iej.cloudfront.net/video/2609/DOD_111985844/DOD_111985844.mp4,81434116,1023412
"DOW-UAP-PR133, Unresolved UAP Report, Middle East, 2025",06,yes,"The United States Central Command submitted a report of an unidentified anomalous phenomenon to the All-domain Anomaly Resolution Office (AARO) consisting of 4 minutes and 58 seconds of video footage from an infrared sensor aboard a U.S. military platform in 2024. An accompanying mission report, DOW-UAP-D107, described the UAP as “look[ing] like a white round orbit… moving as fast as 500 miles per hour.”  Video Description: 00:00-00:04: The sensor pans to track an area of contrast, keeping it generally centered within the frame. 00:05-00:50: The sensor decreases its level of magnification and continues to track the area of contrast, keeping it generally within the center of the frame. 00:51-01:21: The sensor decreases its level of magnification and adjusts its panning speed to track the area of contrast, keeping it generally within the center of the frame. 01:22-01:41: The sensor increases its level of magnification and adjusts its panning speed to track the area of contrast, keeping it generally within the center of the frame. 01:43-2:05: A rectangular digital overlay, or “focus box,” appears near the center of the frame. This display element is a graphical component of the sensor system and does indicate a physical change in the environment. The sensor pans to track the area of contrast, keeping it generally within the center of the frame before exiting the sensor field-of-view from the bottom edge. 02:06-02:21: The sensor pans across the scene and decreases its level of magnification. The area of contrast intermittently re-appears from the left edge of the frame. 02:22-02:28: The sensor pans across the scene, reacquiring the area of contrast. After the area of contrast re-enters the scene, the sensor continues to pan to track it, keeping it generally within the center of the frame. The sensor engages briefly stops panning and the area of contrast exits on the right side once again. 02:29-02:36: The sensor activates an auto-tracking reticle, which does not establish a lock on the area of contrast. After the auto-track reticle disengages, the sensor stops panning, causing the area of contrast to exit the frame from the right edge. 02:37-3:22: The sensor pans and requires the area of contrast, keeping it within its field-of-view before it exits the bottom edge of the frame. 3:23-4:29: The sensor continues to pan then zooms out and reacquires the area of contrast, now significantly smaller in the sensor’s field of view. The sensor continuously pans to keep the area of contrast in the field of view. 4:30-4:58: The sensor zooms in, and the area of contrast transits the field-of-view, exiting the top of the frame. The sensor cycles magnification levels multiple times.  This video description is provided for informational purposes only. Readers should not interpret any part of this description as reflecting an analytical judgment, investigative conclusion, or factual determination regarding the described event’s validity, nature, or significance.",DOD_111985772.mp4,https://d34w7g4gy10iej.cloudfront.net/video/2609/DOD_111985772/DOD_111985772.mp4,80052070,1023396
"DOW-UAP-PR135, Unresolved UAP Report, Middle East, 2025",06,yes,"The United States Central Command submitted a report of an unidentified anomalous phenomenon to the All-domain Anomaly Resolution Office (AARO) consisting of 1 minute of video footage from an infrared sensor aboard a U.S. military platform in 2025. An accompanying mission report, DOW-UAP-D108, described the UAP as “six small spherical objects grouped together, and characterized their behavior as “seem[ingly] agile,” and “frequently changing direction.” The reporter estimated the speed of the UAP to have been 480 miles per hour.  Video Description: 00:00-00:04: No content. 00:05-00:10: Several areas of contrast transit the sensor field-of-view, entering from the top of the frame and exiting from the bottom. 00:11-00:47: The sensor pans to track the areas of contrast, keeping them generally within the center of the frame. 00:48-1:00: The sensor changes its level of magnification. No content.  This video description is provided for informational purposes only. Readers should not interpret any part of this description as reflecting an analytical judgment, investigative conclusion, or factual determination regarding the described event’s validity, nature, or significance.",DOD_111985782.mp4,https://d34w7g4gy10iej.cloudfront.net/video/2609/DOD_111985782/DOD_111985782.mp4,22766393,1023397
"DOW-UAP-PR140, Unresolved UAP Report, Middle East, 2022",06,yes,"The United States Central Command submitted a report of an unidentified anomalous phenomenon to the All-domain Anomaly Resolution Office (AARO) consisting of 1 minute and 47 seconds of video footage from an electro-optical and infrared sensor aboard a U.S. military platform in 2022. An accompanying mission report, DOW-UAP-D109, described the UAP as “traveling at various speeds between 80-180 miles per hour.”  Video Description: 00:00-00:05: No content. 00:06-00:08: An area of contrast transits the sensor field-of-view, entering from the top of the frame and exiting from the bottom. 00:09-00:15: No content. 00:16-00:26: The sensor pans to track the area of contrast, keeping it generally centered within the frame. 00:27-00:31: The sensor switches to electro-optical mode, and the object moves out of the sensor field-of-view from the left edge of the frame. 00:32-00:45: The sensor switches to infrared mode and pans to track the area of contrast, keeping it generally within the center of the frame. 00:46-01:10: The sensor switches to electro-optical mode and pans to track the area of contrast. 01:11-01:12: No content. 01:13-01:42: The sensor switches to infrared mode and pans to track the area of contrast. 01:43-01:47: The sensor switches to electro-optical mode and pans to track the area of contrast.  This video description is provided for informational purposes only. Readers should not interpret any part of this description as reflecting an analytical judgment, investigative conclusion, or factual determination regarding the described event’s validity, nature, or significance.",DOD_111985790.mp4,https://d34w7g4gy10iej.cloudfront.net/video/2609/DOD_111985790/DOD_111985790.mp4,64049840,1023398
"DOW-UAP-PR141, Unresolved UAP Report, Middle East, 2022",06,yes,"The United States Central Command submitted a report of an unidentified anomalous phenomenon to the All-domain Anomaly Resolution Office (AARO) consisting of 2 minutes and 36 seconds of video footage from an electro-optical (right) and infrared (left) sensor aboard a U.S. military platform in 2022. An accompanying mission report, DOW-UAP-D109, described the UAP as “traveling at various speeds between 80-180 miles per hour.”  Video Description: 00:00-00:12: An area of contract enters the sensor field-of-view from the lower right of the frame. The sensor pans to track the area of contrast, keeping it generally within the center of the frame. 00:13-00:14: The sensor switches modes to display an infrared (left) and electro-optical (right) feed. 00:15-00:18: The object enters the frame from the lower right, transiting the sensor field-of-view and exiting from the upper left. 00:19-00:20: The sensor switches to infrared mode, panning to track an area of contrast. 00:21-00:27: The sensor switches modes to display an infrared (left) and electro-optical (right) feed. 00:28-00:52: The sensor switches to infrared mode, panning to track an area of contrast. 00:52-00:57: A second area of contrast briefly enters the sensor field-of-view. 00:58-01:16: The sensor pans to track an area of contrast. 01:17-01:21: The sensor switches modes to display an infrared (left) and electro-optical (right) feed. The sensor pans to track the object. The object leaves the sensor field-of-view from the left edge of the frame. 01:22-01:27: No content. 01:28-01:31: The sensor switches to infrared mode. No content. 01:32-02:36: The area of contrast enters the sensor field-of-view from the lower left of the frame. The sensor pans to track the area of contrast, intermittently losing contact with it.  This video description is provided for informational purposes only. Readers should not interpret any part of this description as reflecting an analytical judgment, investigative conclusion, or factual determination regarding the described event’s validity, nature, or significance.",DOD_111985798.mp4,https://d34w7g4gy10iej.cloudfront.net/video/2609/DOD_111985798/DOD_111985798.mp4,138511243,1023400
"DOW-UAP-PR143, Unresolved UAP Report, Yellow Sea, 2023",06,yes,"The United States Indo-Pacific Command submitted a report of an unidentified anomalous phenomenon to the All-domain Anomaly Resolution Office (AARO) consisting of 19 seconds of video footage from an infrared sensor aboard a U.S. military platform in 2023.  Video Description: 00:00-00:19: The sensor pans to track an area of contrast, keeping it generally within the center of the frame.  This video description is provided for informational purposes only. Readers should not interpret any part of this description as reflecting an analytical judgment, investigative conclusion, or factual determination regarding the described event’s validity, nature, or significance.",DOD_111985818.mp4,https://d34w7g4gy10iej.cloudfront.net/video/2609/DOD_111985818/DOD_111985818.mp4,24071535,1023403
"DOW-UAP-PR144, Unresolved UAP Report, Yellow Sea, 2023",06,yes,"The United States Indo-Pacific Command submitted a report of an unidentified anomalous phenomenon to the All-domain Anomaly Resolution Office (AARO) consisting of 27 seconds of video footage from an infrared sensor aboard a U.S. military platform in 2023.  Video Description: 00:00-00:02: An area of contrast is visible above and to the left of the center of the frame. 00:03-00:27: The sensor increases its level of magnification and pans to track the area of contrast, keeping it generally within the center of the frame.  This video description is provided for informational purposes only. Readers should not interpret any part of this description as reflecting an analytical judgment, investigative conclusion, or factual determination regarding the described event’s validity, nature, or significance.",DOD_111985820.mp4,https://d34w7g4gy10iej.cloudfront.net/video/2609/DOD_111985820/DOD_111985820.mp4,31383900,1023404
"DOW-UAP-PR148, Unresolved UAP Report, East China Sea, 2023",06,yes,"The United States Indo-Pacific Command submitted a report of an unidentified anomalous phenomenon to the All-domain Anomaly Resolution Office (AARO) consisting of 59 seconds of video footage from an infrared sensor aboard a U.S. military platform in 2023.  Video Description: 00:00-00:03: No content. 00:04-00:46: The sensor pans to track an area of contrast, keeping it generally within the center of the frame. 00:47-00:59: The sensor increases its level of magnification while panning to track the area of contrast.  This video description is provided for informational purposes only. Readers should not interpret any part of this description as reflecting an analytical judgment, investigative conclusion, or factual determination regarding the described event’s validity, nature, or significance.",DOD_111985821.mp4,https://d34w7g4gy10iej.cloudfront.net/video/2609/DOD_111985821/DOD_111985821.mp4,71519688,1023405
"DOW-UAP-PR150, Unresolved UAP Report, Yellow Sea, 2023",06,yes,"The United States Indo-Pacific Command submitted a report of an unidentified anomalous phenomenon to the All-domain Anomaly Resolution Office (AARO) consisting of 57 seconds of video footage from an infrared sensor aboard a U.S. military platform in 2023.  Video Description: 00:00-00:05: No content. 00:06-00:07: An area of contrast enters the sensor field-of view from the bottom edge. 00:08-00:51: A rectangular digital overlay, or “focus box,” appears near the center of the frame. This display element is a graphical component of the sensor system and does indicate a physical change in the environment. The sensor pans to track the area of contrast. 00:52-00:57: The collection platform geometry occludes the sensor, blurring the display and blocking the right side of the screen.  This video description is provided for informational purposes only. Readers should not interpret any part of this description as reflecting an analytical judgment, investigative conclusion, or factual determination regarding the described event’s validity, nature, or significance.",DOD_111985822.mp4,https://d34w7g4gy10iej.cloudfront.net/video/2609/DOD_111985822/DOD_111985822.mp4,3228077,1023406
"DOW-UAP-PR151, Unresolved UAP Report, Yellow Sea, 2023",06,yes,"The United States Indo-Pacific Command submitted a report of an unidentified anomalous phenomenon to the All-domain Anomaly Resolution Office (AARO) consisting of 49 seconds of video footage from an infrared sensor aboard a U.S. military platform in 2023.  Video Description: 00:00-00:15: The sensor pans to track an area of contrast. 00:16-00:18: The sensor increases its level of magnification and pans to track the area of contrast. 00:19-00:49: The sensor pans to track an area of contrast, keeping it generally within the center of the frame.  This video description is provided for informational purposes only. Readers should not interpret any part of this description as reflecting an analytical judgment, investigative conclusion, or factual determination regarding the described event’s validity, nature, or significance.",DOD_111985832.mp4,https://d34w7g4gy10iej.cloudfront.net/video/2609/DOD_111985832/DOD_111985832.mp4,60826819,1023408
"DOW-UAP-PR152, Unresolved UAP Report, Yellow Sea, 2023",06,yes,"The United States Indo-Pacific Command submitted a report of an unidentified anomalous phenomenon to the All-domain Anomaly Resolution Office (AARO) consisting of 1 minute and 38 seconds of video footage from an infrared sensor aboard a U.S. military platform in 2023.  Video Description: 00:00-01:38: The sensor pans to track an area of contrast, keeping it generally within the center of the frame.  This video description is provided for informational purposes only. Readers should not interpret any part of this description as reflecting an analytical judgment, investigative conclusion, or factual determination regarding the described event’s validity, nature, or significance.",DOD_111985835.mp4,https://d34w7g4gy10iej.cloudfront.net/video/2609/DOD_111985835/DOD_111985835.mp4,20977587,1023410
"LLE-UAP-PR003, Unresolved UAP Report, Colorado, October 2023",06,yes,"A local law enforcement officer submitted a report of an unidentified anomalous phenomenon to the All-domain Anomaly Resolution Office consisting of 27 seconds of video footage from a commercially available cellular device’s rear-facing camera in October 2023. The reporting officer described the phenomenon as “silent” and as featuring “red, blue, and green flashing lights.”   Video Description: In the first 2 seconds of this video, AARO digitally altered this footage by blurring the bottom half to obscure information whose release could be reasonably expected to affect the privacy or other protected interest of a U.S. person or commercial entity.   00:00-00:27: The camera increases its level of magnification and focuses on an apparent light source for the duration of the video, keeping it generally centered and within the top third of the frame.   AARO Comment: Cellular devices of the type used to capture this footage employ autofocus and other automated image-processing functions that may distort the apparent morphological and kinematic characteristics of distant subjects, particularly at high magnification.",DOD_111985850.mp4,https://d34w7g4gy10iej.cloudfront.net/video/2609/DOD_111985850/DOD_111985850.mp4,12620043,1023414
"LLE-UAP-PR004, Unresolved UAP Report, Colorado, October 2023",06,yes,"A local law enforcement officer submitted a report of an unidentified anomalous phenomenon to the All-domain Anomaly Resolution Office consisting of 1 minute and 42 seconds of video footage from a commercially available cellular device’s rear-facing camera in January 2024. The reporting officer described the phenomenon as “silent” and as featuring “red, blue, and green flashing lights.”   Video Description: In the first 2 seconds of this video, AARO digitally altered this footage by blurring the bottom half to obscure information whose release could be reasonably expected to affect the privacy or other protected interest of a U.S. person or commercial entity.   00:00-00:35: The camera focuses on an apparent light source, keeping it generally within the center of the frame.   00:36-01:04: An approaching vehicle influences the camera’s automatic image-processing filters, including autofocus. The camera remains focused on the apparent light source.   01:05-1:27: The camera remains focused on the apparent light source.   01:28-01:37: An approaching vehicle influences the camera’s automatic image-processing filters, including autofocus. The camera remains focused on the apparent light source.   01:38-01:42: The camera pans down.   AARO Comment: Cellular devices of the type used to capture this footage employ autofocus and other automated image-processing functions that may distort the apparent morphological and kinematic characteristics of distant subjects, particularly at high magnification.",DOD_111985855.mp4,https://d34w7g4gy10iej.cloudfront.net/video/2609/DOD_111985855/DOD_111985855.mp4,6614603,1023416
